CREATE DATABASE  IF NOT EXISTS `book_management` /*!40100 DEFAULT CHARACTER SET utf8mb4 COLLATE utf8mb4_0900_ai_ci */ /*!80016 DEFAULT ENCRYPTION='N' */;
USE `book_management`;
-- MySQL dump 10.13  Distrib 8.0.30, for Win64 (x86_64)
--
-- Host: localhost    Database: book_management
-- ------------------------------------------------------
-- Server version	8.0.30

/*!40101 SET @OLD_CHARACTER_SET_CLIENT=@@CHARACTER_SET_CLIENT */;
/*!40101 SET @OLD_CHARACTER_SET_RESULTS=@@CHARACTER_SET_RESULTS */;
/*!40101 SET @OLD_COLLATION_CONNECTION=@@COLLATION_CONNECTION */;
/*!50503 SET NAMES utf8 */;
/*!40103 SET @OLD_TIME_ZONE=@@TIME_ZONE */;
/*!40103 SET TIME_ZONE='+00:00' */;
/*!40014 SET @OLD_UNIQUE_CHECKS=@@UNIQUE_CHECKS, UNIQUE_CHECKS=0 */;
/*!40014 SET @OLD_FOREIGN_KEY_CHECKS=@@FOREIGN_KEY_CHECKS, FOREIGN_KEY_CHECKS=0 */;
/*!40101 SET @OLD_SQL_MODE=@@SQL_MODE, SQL_MODE='NO_AUTO_VALUE_ON_ZERO' */;
/*!40111 SET @OLD_SQL_NOTES=@@SQL_NOTES, SQL_NOTES=0 */;

--
-- Table structure for table `authors`
--

DROP TABLE IF EXISTS `authors`;
/*!40101 SET @saved_cs_client     = @@character_set_client */;
/*!50503 SET character_set_client = utf8mb4 */;
CREATE TABLE `authors` (
  `id` int NOT NULL AUTO_INCREMENT,
  `name` varchar(255) NOT NULL,
  `email` varchar(255) DEFAULT NULL,
  `phone_number` varchar(255) DEFAULT NULL,
  `published` tinyint DEFAULT '0',
  `avatarId` int DEFAULT NULL,
  PRIMARY KEY (`id`)
) ENGINE=InnoDB AUTO_INCREMENT=36 DEFAULT CHARSET=utf8mb4 COLLATE=utf8mb4_0900_ai_ci;
/*!40101 SET character_set_client = @saved_cs_client */;

--
-- Dumping data for table `authors`
--

LOCK TABLES `authors` WRITE;
/*!40000 ALTER TABLE `authors` DISABLE KEYS */;
INSERT INTO `authors` VALUES (1,'Nguyễn Hoàng Anh',NULL,NULL,0,11),(2,'T. Harv Eker',NULL,NULL,0,NULL),(3,'David J. Schwartz',NULL,NULL,0,NULL),(4,'Zig Ziglar',NULL,NULL,0,NULL),(5,'Hà Ân',NULL,NULL,0,NULL),(6,'Hà Văn Tấn',NULL,NULL,0,NULL),(7,'Lý Tử Quyên',NULL,NULL,0,NULL),(8,'Kwon Min Chang',NULL,NULL,0,NULL),(9,'Scott H.Young',NULL,NULL,0,NULL),(10,'Nguyễn Đoàn Minh Thư',NULL,NULL,0,NULL),(11,'Kính Tịnh',NULL,NULL,0,NULL),(12,'Joseph Murphyc',NULL,NULL,0,NULL),(13,'Trâu Hoành Minh',NULL,NULL,0,NULL),(14,'Trương Học Vĩ',NULL,NULL,0,NULL),(15,'J. S. Scott',NULL,NULL,0,NULL),(16,'Nassim Nicholas Taleb',NULL,NULL,0,NULL),(17,'Patrick King',NULL,NULL,0,NULL),(18,'Choi Kwanghyun',NULL,NULL,0,NULL),(19,'Mark Cuban',NULL,NULL,0,NULL),(20,'Susie Morgenstern',NULL,NULL,0,NULL),(21,'Nguyễn Nhật Ánh',NULL,NULL,0,NULL),(22,'Cho Chang - In',NULL,NULL,0,NULL),(23,'William Golding',NULL,NULL,0,NULL),(24,'Jerome David Salinger',NULL,NULL,0,NULL),(25,'Kazuo Ishiguro',NULL,NULL,0,NULL),(26,'Pauline Réage',NULL,NULL,0,NULL),(27,'Dale Carnegie',NULL,NULL,0,NULL),(28,'Nguyễn Ngọc Tư',NULL,NULL,0,NULL),(29,'Kim Lân',NULL,NULL,0,NULL),(30,'David Flanagan',NULL,NULL,0,NULL),(31,'Anthony Accomazzo',NULL,NULL,0,NULL),(32,'Edward O. Thorp',NULL,NULL,0,NULL),(33,'Carolyn Boroden',NULL,NULL,0,NULL),(34,'Howard Marks',NULL,NULL,0,NULL),(35,'Joe Studwell',NULL,NULL,0,NULL);
/*!40000 ALTER TABLE `authors` ENABLE KEYS */;
UNLOCK TABLES;

--
-- Table structure for table `books`
--

DROP TABLE IF EXISTS `books`;
/*!40101 SET @saved_cs_client     = @@character_set_client */;
/*!50503 SET character_set_client = utf8mb4 */;
CREATE TABLE `books` (
  `id` int NOT NULL AUTO_INCREMENT,
  `name` varchar(255) NOT NULL,
  `slug` varchar(255) NOT NULL,
  `content` longtext,
  `page_number` int NOT NULL,
  `published` tinyint DEFAULT '0',
  `imageId` int DEFAULT NULL,
  `softFileId` int DEFAULT NULL,
  `authorId` int DEFAULT NULL,
  `publisherId` int DEFAULT NULL,
  `categoryId` int DEFAULT NULL,
  `isDeleted` tinyint DEFAULT '0',
  `created_at` datetime(6) NOT NULL DEFAULT CURRENT_TIMESTAMP(6),
  `updated_at` timestamp(6) NOT NULL DEFAULT CURRENT_TIMESTAMP(6) ON UPDATE CURRENT_TIMESTAMP(6),
  PRIMARY KEY (`id`),
  KEY `FK_54f49efe2dd4d2850e736e9ab86` (`authorId`),
  KEY `FK_594ad92cc478a33e51fd0e31bf3` (`publisherId`),
  KEY `FK_a0f13454de3df36e337e01dbd55` (`categoryId`),
  CONSTRAINT `FK_54f49efe2dd4d2850e736e9ab86` FOREIGN KEY (`authorId`) REFERENCES `authors` (`id`),
  CONSTRAINT `FK_594ad92cc478a33e51fd0e31bf3` FOREIGN KEY (`publisherId`) REFERENCES `publishers` (`id`),
  CONSTRAINT `FK_a0f13454de3df36e337e01dbd55` FOREIGN KEY (`categoryId`) REFERENCES `categories` (`id`)
) ENGINE=InnoDB AUTO_INCREMENT=79 DEFAULT CHARSET=utf8mb4 COLLATE=utf8mb4_0900_ai_ci;
/*!40101 SET character_set_client = @saved_cs_client */;

--
-- Dumping data for table `books`
--

LOCK TABLES `books` WRITE;
/*!40000 ALTER TABLE `books` DISABLE KEYS */;
INSERT INTO `books` VALUES (46,'Sức Mạnh Tiềm Thức','suc-manh-tiem-thuc','',336,0,41,NULL,12,NULL,7,0,'2022-12-11 08:28:19.066032','2022-12-11 01:28:19.542736'),(47,'Tâm Lý Học Tính Cách','tam-ly-hoc-tinh-cach','<p>Nối tiếp cuốn sách Best seller Tâm lý học hành vi, lần này Tủ sách Kiến thức về kỹ năng sống của Mintbooks xin giới thiệu tới bạn đọc cuốn bí kíp gây sốt Tâm lý học tính cách – tác phẩm được hàng triệu bạn trẻ Trung Quốc tìm đọc.</p><p><br></p><p>Với 312 trang sách, bạn sẽ khám phá ngay:</p><p><br></p><p>Nhập môn chín kiểu hình tính cách</p><p><br></p><p>Giúp phán đoán kiểu hình tính cách của chính mình</p><p><br></p><p>Nhìn thấu bản thân trong công việc, tình yêu và các mối quan hệ xã hội.</p><p><br></p><p>Trên thế giới này, có ai không quan tâm tới tính cách của mình? Chúng ta luôn muốn biết về tính cách của mình càng nhiều càng tốt.</p><p><br></p><p>Chắp bút bởi chuyên gia trong lĩnh vực tâm lý học – tiến sĩ Trâu Hoàng Minh, cuốn sách sẽ giới thiệu tới bạn đọc những tri thức và kĩ năng cần thiết trong việc phân tích tính cách con người.</p><p><br></p><p>“Tâm lý học tính cách” lấy “chín kiểu hình tính cách” làm trọng tâm, với nền tảng là những lý luận của tâm lý học tính cách và tâm lý học chiều sâu , giới thiệu đến bạn đọc một cách chi tiết về đặc trưng và phương pháp cải thiện khuyết điểm dành cho chín kiểu hình tính cách của con người.</p><p><br></p><p>Với ngôn từ dễ hiểu, ví dụ sinh động cùng nội dung chi tiết mang tính xác thực cao, tôi tin rằng cuốn sách này không chỉ giúp bạn đọc nhận thức được kiểu hình tính cách của bản thân, mà quan trọng hơn là giúp các bạn phát huy sở trường, đồng thời khắc phục khiếm khuyết của chính mình.</p><p><br></p><p>Có thể nói, cuốn sách này cung cấp cho độc giả công cụ hữu ích để tự hoàn thiện tính cách. Qua đây, tác giả hy vọng mỗi người đều may mắn mở được cánh cửa lớn hướng về cuộc sống hạnh phúc cá nhân.</p>',312,0,42,NULL,13,NULL,7,0,'2022-12-11 08:28:19.066032','2022-12-11 01:28:19.542736'),(48,'Ổn Định Hay Tự Do','on-dinh-hay-tu-do','<h2 class=\"ql-align-center\">Ổn Định Hay Tự Do</h2><p class=\"ql-align-center\"><br></p><p>ỔN ĐỊNH HAY TỰ DO (Yên ổn bạn thích không cho bạn được cuộc đời như mong muốn) – cuốn sách Best-seller dành cho thế hệ GEN Z, tiếp nối Hãy khiến tương lai biết ơn vì hiện tại bạn đã cố gắng hết mình.</p><p>Dưới góc nhìn thực tế cùng giọng văn vô cùng thẳng thắn, sắc sảo, nữ nhà văn đã thức tỉnh hàng vạn thanh niên Trung Quốc:</p><p><br></p><ul><li>Mơ mộng viển vông – đơn giản là không có khả năng thực hiện ước mơ</li><li>Nếu như không có đích đến, thì gió phương nào cũng là ngược chiều</li><li>Khi tâm thái thay đổi, áp lực sẽ biến thành động lực</li><li>Thành công chỉ ưu ái cho những người dũng cảm</li></ul><p><br></p><p>Xuyên suốt 300 trang sách, bạn sẽ có được hơn 56 bài học giá trị khác cho bản thân:</p><ul><li>Cuốn sách truyền động lực tới bạn: dám ước mơ cũng dám biến ước mơ thành hiện thực</li><li>Khích lệ bạn theo đuổi đến cùng sự nỗ lực để đạt được thành tựu tối ưu</li><li>Truyền cảm hứng để sống và làm theo những gì mình muốn</li><li>Không quên nhắc nhở bạn về sức mạnh của thái độ mềm mỏng: vừa biết khoan dung cho người khác, vừa biết cúi mình khiêm tốn</li></ul><p><br></p><p>Được viết ra với mục đích song hành cùng những người trẻ vì vậy mà cuốn sách đặc biệt phù hợp dành cho thế hệ GEN Z và cuối GEN Y – là những người trẻ</p><ul><li>Đứng trước ngưỡng cửa chọn trường, chọn ngành, chọn hướng đi theo đuổi đam mê</li><li>Loay hoay và mệt mỏi với công việc văn phòng 8 tiếng nhưng không biết làm sao để thay đổi</li><li>Không có động lực sống, học tập và làm việc. Luôn hoang mang và mơ hồ khi nghĩ về tương lai.</li></ul><p><br></p><p>Trích dẫn lời khuyên đắt giá nhất trong cuốn sách: “Nhân lúc còn trẻ, chúng ta hãy cố gắng chạy thật nhanh, làm nhiều hơn những gì bạn muốn làm, phấn đấu không ngừng tiến lên, tin tưởng bản thân trong tương lai nhất định sẽ có một cuộc sống tuyệt vời.”</p><p><br></p><p>Vậy nên ỔN ĐỊNH hay TỰ DO? – bạn hãy kiên định lựa chọn</p>',284,0,43,NULL,14,NULL,7,0,'2022-12-11 08:28:19.066032','2022-12-11 01:28:19.542736'),(49,'Ngay Bây Giờ Hoặc Không Bao Giờ ','ngay-bay-gio-hoac-khong-bao-gio','<h2 class=\"ql-align-center\">Ngay Bây Giờ Hoặc Không Bao Giờ&nbsp;</h2><p class=\"ql-align-center\"><br></p><p>Ngay bây giờ hoặc không bao giờ sẽ giúp bạn khám phá ra hàng loạt ý tưởng giúp bản thân vượt qua sự trì hoãn hằng ngày. Trong khi nhiều cuốn sách khác chỉ cung cấp những mẹo mực đơn giản, thì với cuốn sách này, bạn sẽ biết được tại sao một chiến lược lại trở nên hiệu quả, nó loại bỏ những hạn chế và niềm tin nào và bằng cách nào chiến lược ấy có thể được ứng dụng tức thì vào cuộc sống của bạn…</p><p><br></p><p>Thành công chỉ thực sự đến khi bạn giữ một lòng kiên trì sắt đá với những mục tiêu đã được đặt ra. Trong cuốn sách này, J. S. Scott đã cung cấp chi tiết những kế hoạch hành động trên mọi lĩnh vực của cuộc sống hằng ngày: từ chăm sóc sức khỏe, thể dục, công việc cho tới các mối quan hệ cá nhân. Không giống như các cuốn sách rèn luyện kỹ năng tầm thường khác, nội dung cuốn sách tập trung tối đa vào hai chữ “hành động”. Vì vậy, thay vì phải đọc những lời khuyên chung chung, bạn sẽ nhận được những phương pháp có thể được thực hiện ngay lập tức nhằm tạo lập những thói quen có thể đánh bại sự trì hoãn.</p>',142,0,44,NULL,15,NULL,7,0,'2022-12-11 08:28:19.066032','2022-12-11 01:28:19.542736'),(50,'Trò Đùa Của Sự Ngẫu Nhiên','tro-dua-cua-su-ngau-nhien','<h2 class=\"ql-align-center\"><span style=\"font-size: 32px; color: rgb(34, 34, 34);\">Trò Đùa Của Sự Ngẫu Nhiên</span></h2><p class=\"ql-align-center\"><br></p><p><span style=\"color: rgb(34, 34, 34);\">Trò đùa của sự ngẫu nhiên là cuốn sách viết về những lối tư duy sai sót trong nhận thức của con người. Đây là cuốn sách đầu tiên trong series “Incerto” (Tính bất định) của Nassim Nicholas Taleb.</span></p><p><br></p><p><span style=\"color: rgb(34, 34, 34);\">Trong cuốn sách này, Taleb nêu ra các thiên kiến sai lầm của con người về sự ngẫu nhiên. Theo đó, con người thường:</span></p><p><span style=\"color: rgb(34, 34, 34);\"><span class=\"ql-cursor\">﻿</span>1. Đánh giá quá cao quan hệ nhân – quả. Ví dụ, người thành công do họ từng thành công trong quá khứ và thường vô thức bắt chước theo một số đặc điểm mà họ ngộ nhận rằng điều này mang đến thành công.</span></p><p><span style=\"color: rgb(34, 34, 34);\">2. Lý giải thế giới theo cách dễ hiểu hơn thực tế. Luôn cố gắng giải thích những điều ngẫu nhiên không phải là ngẫu nhiên.</span></p><p><br></p><p><span style=\"color: rgb(34, 34, 34);\">Hai thiên kiến trên được lồng ghép, chia tách một cách tinh tế thông qua ba phần:</span></p><p><span style=\"color: rgb(34, 34, 34);\">1. Lời cảnh báo của Solon: Lịch sử và thuộc tích khó nắm bắt của các sự kiện hiếm gặp (thiên nga đen). Đồng thời phân tích những tác động nặng nề của các sự kiện hiếm gặp trong cuộc sống và trên thị trường</span></p><p><span style=\"color: rgb(34, 34, 34);\">2. Những con khỉ và chiếc máy đánh chữ: Trình bày những thiên kiến xác suất mà tác giả ghi nhận được trong sự nghiệp, bao gồm, thiên kiến kẻ sống sót, thiên kiến méo mó về xác suất và sự ngẫu nhiên.</span></p><p><span style=\"color: rgb(34, 34, 34);\">3. Sáp trong tai: Quá trình đương đầu với sự bất định của con người và một vài mánh khóe để vượt qua.</span></p>',390,0,45,NULL,16,NULL,7,0,'2022-12-11 08:28:19.066032','2022-12-11 01:28:19.542736'),(51,'Bạn Càng Mạnh Mẽ Thế Giới Càng Công Bằng','ban-cang-manh-me-the-gioi-cang-cong-bang','<h2 class=\"ql-align-center\">Bạn Càng Mạnh Mẽ Thế Giới Càng Công Bằng</h2><p><strong>Vượt qua rào cản tâm lý để thành công trong công việc _ Patrick King</strong></p><p><br></p><p>“Bạn cảm thấy công việc của mình thật khốn khổ. Bạn căm ghét đồng nghiệp. Một ngày đi làm của bạn dài đằng đẵng. Bạn không bao giờ có thể tiến xa hơn vị trí hiện tại. Bạn không say mê công việc của mình. Mâu thuẫn cứ mỗi ngày một tăng lên, còn cơ hội và khát khao của bạn thì giảm dần theo tuổi tác.”</p><p><br></p><p>Có ai lại chưa từng trải qua những cảm giác như vậy? Nhưng nếu đủ mạnh mẽ, bạn sẽ có thể vượt qua tất cả những khó khăn này, dùng chúng làm bàn đạp để bứt phá tới thành công trong tương lai.</p><p><br></p><p>Hãy đọc cuốn sách này, thực hành từng bước nhỏ mà tác giả đã vạch ra, rồi thành công sẽ đợi bạn nơi cuối đường.</p><p><br></p><p>Cuốn sách self-help, truyền cảm hứng này dạy chúng ta cách vượt qua những trở ngại trong cuộc sống hằng ngày để đạt được thành công. Nội dung sách được chia làm 5 chương:</p><p><br></p><p>– Chương 1 – Dừng việc suy nghĩ quá mức</p><p><br></p><p>– Chương 2 – Chọn thiên hướng hành động</p><p><br></p><p>– Chương 3 – Tư duy hành động</p><p><br></p><p>– Chương 4 – Tối đa hóa động lực</p><p><br></p><p>– Chương 5 – Không trì hoãn</p><p><br></p><p>2. Những trích dẫn tâm đắc:</p><p><br></p><p>– Suy nghĩ quá mức (overthinking) chắc chắn là thiên địch của việc bắt tay vào hành động. Nó chính là kẻ thù truyền kiếp của sự bắt đầu, thậm chí đôi lúc còn khiến chúng ta cảm thấy quá sức mệt mỏi mà lầm tưởng rằng mình đã hoàn thành công việc. Thường thì chúng ta sẽ có xu hướng suy nghĩ quá mức khi không thể phân định rõ ràng giữa mức độ chăm chỉ hợp lí và mức độ ám ảnh cực đoan.</p><p><br></p><p>– Người ta thường nói, mỗi khi gặp rắc rối, đà điểu lại vùi đầu xuống cát theo bản năng, bởi chúng cảm thấy như vậy thật an toàn. Nó được coi như một cơ chế bảo vệ, giống như kiểu “xa mặt cách lòng”. Trong thế giới tài chính, Hội chứng đà điểu ám chỉ việc các nhà đầu tư phớt lờ việc xem xét cổ phiếu và thông tin liên quan nếu họ biết rằng có khả năng các con số sẽ bị giảm. Nó đề cập tới xu hướng tránh xác nhận nguy hiểm hay rắc rối sắp xảy ra để cảm thấy an toàn hơn của con người. Dường như sự ngu ngốc có chủ ý này lại được ưa chuộng hơn là việc chủ động nhìn nhận rõ tiêu cực.</p><p><br></p><p>Dù có vẻ thiếu logic, nhưng chắc chắn hành động này mang lại hiệu ứng tâm lí rất tốt. Nó cho phép chúng ta chối bỏ những cảm giác tồi tệ nhất, bởi chúng ta không thể chắc chắn liệu chúng có thực sự tồn tại hay không. Khi bỏ qua phần thực tế của tình huống, chúng ta sẽ không cần phải đối mặt với nó, ngay cả khi tin chắc rằng rắc rối có thể đang rình rập quanh quẩn ngay đây thôi.</p><p><br></p><p>– Cựu Ngoại trưởng Hoa Kỳ Colin Powell có một quy tắc đúc kết dựa trên kinh nghiệm cá nhân về cách để đi đến hành động. Ông nói rằng bất cứ khi nào phải đối mặt với một lựa chọn khó khăn, bạn nên có không dưới 40% và không quá 70% thông tin cần thiết để đưa ra quyết định. Trong phạm vi đó, bạn sẽ có vừa đủ thông tin để đưa ra lựa chọn sáng suốt, nhưng cũng không quá mức để khiến bạn mất quyết tâm và chỉ tiếp tục quan sát tình hình.</p><p><br></p><p>– Một diễn viên hài nổi tiếng từng có một nhận định hết sức thông minh về vấn đề này, “Quy tắc của tôi là nếu bạn có điều gì đó hoặc ai đó được 70% chấp thuận, hãy hành động đi, vì điều sau đây sẽ xảy ra. Việc những lựa chọn khác lập tức bị loại bỏ sẽ đưa tỉ lệ của bạn lên tới 80%, vì nỗi phiền hà của việc do dự đã chấm dứt.” Điều này giống những gì mà cựu Ngoại trưởng Hoa Kỳ Colin Powell đã nói về vấn đề này đến mức đáng ngạc nhiên.</p><p><br></p><p>– Bước đầu tiên để áp dụng tư duy hành động là hiểu rõ được cách thức để khiến động lực xuất hiện. Mọi thứ sẽ đơn giản hơn gấp năm triệu lần để đạt được mục tiêu nếu chúng ta biết cách thúc đẩy bản thân mọi lúc mọi nơi. Nó giống như việc có một nút bấm thần kì nào đó đẩy chúng ta ra khỏi giường và buộc chúng ta phải làm việc. Bất cứ khi nào năng lượng giảm sút, chúng ta có thể nhấn lại nút và tiêm một liều thuốc của những điều tốt đẹp, rồi hiệu quả sẽ quay trở lại. “Liều thuốc” hợp pháp phổ biến nhất mà chúng ta có là cà phê, nhưng kể cả cà phê cũng sẽ có hiệu suất giảm dần.</p><p><br></p><p>– Ví dụ, bạn có ý định sẽ cải thiện bản thân ở nơi làm việc. Có lẽ bạn đang hướng đến việc được thăng chức hoặc tăng lương. Một số người trong chúng ta có thể bị cám dỗ để chỉ nghĩ về những điều mình sẽ làm tốt hơn, tự ghi công và tự thưởng cho bản thân vì những suy nghĩ đó mà thực sự không làm một việc gì cả.</p><p><br></p><p>Thay vào đó, hãy chuyển ý định đó thành bốn bước nhỏ và cụ thể có thể giúp bạn đạt được mục tiêu này. Ngay cả những việc nhỏ như xuất hiện đúng giờ hoặc phát biểu trong các cuộc họp cũng có thể tạo ra một tác động nào đó. Những bước cụ thể này sẽ giúp hiện thực hóa ý định tốt của bạn, cũng như tạo ra tinh thần trách nhiệm để bạn luôn đi đúng hướng.</p>',200,0,46,NULL,17,NULL,7,0,'2022-12-11 08:28:19.066032','2022-12-11 01:28:19.542736'),(52,'Tâm Lý Học Ứng Dụng','tam-ly-hoc-ung-dung','<h2 class=\"ql-align-center\">Tâm lý học ứng dụng</h2><p class=\"ql-align-center\"><br></p><p>Trí thông minh xã hội là việc hòa nhập, thu hút mọi người và khiến sự giao tiếp xã hội đem lại lợi ích cho bạn, thay vì cản trở bạn đạt được những mục tiêu của mình. Nói cách khác, sở hữu trí thông minh xã hội sẽ giúp bạn được yêu mến hơn, tăng cường vị thế của bạn trong cộng đồng và tạo điều kiện thuận lợi để bạn vươn tới nhiều thành công trong cuộc sống.</p><p><br></p><p>Cuốn sách này cung cấp các chiến thuật đã được khoa học chứng minh để mỗi cá nhân tăng cường trí thông minh xã hội của mình. Hầu hết các phương pháp có trong sách sẽ liên quan ít nhiều tới những cách thức thời nguyên thủy – những phương pháp đầy bản năng mà con người đã tận dụng để thống trị thế giới.</p><p>Cuốn sách<em>”</em><strong><em>Tâm lý học ứng dụng”</em></strong>&nbsp;giúp độc giả:</p><p><br></p><ul><li>Trở nên dễ mến một cách chân thành, tạo dựng được ấn tượng tốt và không ngại ngần trong các tình huống giao tiếp xã hội.</li><li>Xây dựng nên những mối quan hệ tốt đẹp, lành mạnh và sâu sắc cho tất cả các bên, bất kể đó là các gắn kết giữa cộng sự, bạn bè, người thân hay người yêu.</li><li>Hiểu rõ những cảm xúc của bản thân, nắm bắt được những cảm nhận của mọi người để từ đó điều chỉnh hợp lý, tạo ra những tương tác giàu ý nghĩa.</li><li>Mở ra những cơ hội quý giá để hiện thực hóa các mục tiêu trong cuộc sống.</li></ul><p><br></p>',236,0,47,NULL,17,NULL,7,0,'2022-12-11 08:28:19.066032','2022-12-11 01:28:19.542736'),(53,'Tâm Lý Học Mối Quan Hệ','tam-ly-hoc-moi-quan-he','<h2 class=\"ql-align-center\">Tâm Lý Học Mối Quan Hệ</h2><p class=\"ql-align-center\"><br></p><p>Tiếp nối thành công của ba cuốn sách “Hai mặt của gia đình”, “Góc khuất của yêu thương” và “Trong mỗi chúng ta đều có một đứa trẻ cần vỗ về” – ba cuốn sách tâm lý học dành cho những người đang gặp tổn thương trong gia đình, tình yêu và cần chăm sóc đứa trẻ bên trong, bác sĩ/tiến sĩ tâm lý học Choi Kwanghyun tiếp tục xuất bản cuốn sách “Tâm lý học mối quan hệ” – một cuốn sách giúp bạn giải quyết xung đột, mâu thuẫn trong các mối quan hệ.</p><p><br></p><p>Cuốn sách “Tâm lý học mối quan hệ” dành cho những ai luôn trăn trở:</p><p><br></p><p>Tại sao chúng ta bị tổn thương bởi mọi người?</p><p><br></p><p>Những khó khăn mà ta đang gặp phải hiện nay khởi nguồn từ đâu?</p><p><br></p><p>Tại sao tôi là người duy nhất bị tổn thương trong các mối quan hệ?</p><p><br></p><p>Hay những vấn đề cụ thể hơn, mối quan hệ giữa hai vợ chồng, giữa bố mẹ và con cái tại sao luôn có những rào cản và luôn có một người phải chịu đựng rất nhiều đau khổ vì đối phương.</p><p><br></p><p>Trong cuộc đời, chúng ta phải trải qua rất nhiều nỗi đau khổ, tổn thương và xung đột trong các mối quan hệ. Vết thương trong một mối quan hệ lặp lại nhiều lần và kéo theo nhiều hệ lụy trong cuộc sống, người bị tổn thương biến thành chú nhím xù lông để bảo vệ bản thân, nhưng chính những chiếc gai nhọn ấy có thể lại là nguyên nhân gây ra đau khổ cho người khác. Vậy chúng ta phải làm thế nào để hóa giải tổn thương và làm hài hòa các mối quan hệ?</p><p><br></p><p>Trong thời kỳ dịch bệnh COVID-19 đang diễn ra rất phức tạp, thay vì đi ra ngoài từ sáng tới tối, chúng ta phải ở nhà nhiều hơn, đây cũng chính là thời điểm để bạn kiểm tra lại các mối quan hệ của mình với những người gần gũi nhất và chia sẻ với họ những gì bản thân đang cảm thấy. Đó là vợ/chồng, là con cái, là bố mẹ của vợ/chồng – những người giúp chúng ta xây dựng mối quan hệ nền tảng để phát triển ở xã hội bên ngoài. Nhưng đồng thời họ cũng là những người dễ gây ra tổn thương cho chúng ta nhất. Hãy tìm hiểu về “Tâm lý học mối quan hệ” để chữa lành và xây dựng lại sợi dây kết nối đặc biệt này.</p><p><br></p><p>Hy vọng rằng thông qua những trí tuệ tâm lý mà giáo sư Choi Kwanghyun đã chia sẻ, bạn sẽ tìm thấy câu trả lời cho những khúc mắc trong các mối quan hệ và sửa chữa nó để có một cuộc sống hòa thuận, hạnh phúc.</p>',280,0,48,NULL,18,NULL,7,0,'2022-12-11 08:28:19.066032','2022-12-11 01:28:19.542736'),(54,'Bí Quyết Kinh Doanh Của Shark Mark Cuban','bi-quyet-kinh-doanh-cua-shark-mark-cuban','<h2 class=\"ql-align-center\">Bí Quyết Kinh Doanh Của Shark Mark Cuban</h2><p class=\"ql-align-center\"><br></p><p>Mark Cuban là doanh nhân tỷ phú, nhà đầu tư, nhà sản xuất phim, là chủ sở hữu của đội bóng rổ NBA’s Dallas Mavericks với khối tài sản khoảng 2,6 tỷ USD. Sinh ra trong một gia đình nghèo, cậu bé Mark Cuban ngày nào còn đi gõ cửa từng nhà để bán đồ vặt, sau nhiều cố gắng, giờ đây ông là một trong những tỷ phú thành công nhất thế giới.</p><p><br></p><p>Trong cuốn sách đầu tay này Mark Cuban tiết lộ toàn bộ quá trình thay đổi tư duy cũng như quan điểm sống chỉ trong vài năm ngắn ngủi, để đưa ông từ một kẻ tay trắng trở thành một doanh nhân tỷ phú. Quan trọng hơn với những điều Mark chia sẻ sẽ giúp bạn làm chủ những tư duy, thói quen và công cụ của một doanh nhân thành đạt. Mô phỏng và làm theo cách mà người thành công chắc chắn bạn sẽ đạt được những kết quả tương tự</p><p><br></p><p>Bạn sẽ học được gì?</p><p><br></p><p>1. Sứ mệnh của bạn là gì?</p><p><br></p><p>2. Làm sao để khởi sự từ số 0</p><p><br></p><p>3. Các bài học kinh doanh đầu tiên và 12 thần chú thành công của tôi.</p><p><br></p><p>4. Kỹ năng ra những quyết định kinh doanh quan trọng chỉ trong nháy mắt.</p><p><br></p><p>5. Để quản lý doanh nghiệp bạn chỉ cần kiểm soát một thứ duy nhất.</p><p><br></p><p>6. Và còn nhiều nữa…</p><p><br></p><p>AMERICA SHARK TANK – BỘ SÁCH ĐÁNH THỨC BẢN NĂNG “CÁ MẬP” TRONG BẠN</p><p><br></p><p>BỘ CẨM NANG TOÀN DIỆN NHẤT VỀ KHỎI NGHIỆP, KINH DOANH, LÃNH ĐẠO LẦN ĐẦU TIÊN CÓ MẶT TẠI VIỆT NAM. CHỨA ĐỰNG KIẾN THỨC, KINH NGHIỆM CỦA NHỮNG DOANH NHÂN TỶ PHÚ HÀNG ĐẦU LÀ CÁC SHARK MỸ. NHƯ MỘT NGƯỜI CỐ VẤN CUNG CẤP ĐƯỜNG ĐI NƯỚC BƯỚC CHO NHỮNG NGƯỜI KINH DOANH ĐẶC BIỆT LÀ START UP.</p><p><br></p><p>1. Bí mật trong tư duy của một doanh nhân bất khả chiến bại. Khoa học lãnh đạo từ các doanh nhân tỷ phú</p><p><br></p><p>2. Phương pháp tạo ra những ý tưởng kinh doanh triệu đô thông qua những bước đơn giản. Làm sao để bảo vệ lợi thế kinh doanh của bạn trước đối thủ.</p><p><br></p><p>3. Kinh nghiêm xác định, tuyển dụng những người phù hợp nhất cho doanh nghiệp của bạn. Cách gây ảnh hường lên người khác ngay từ cái nhìn đầu tiên.</p><p><br></p><p>4. Cách thức định hướng và triển khai việc áp dụng những công nghệ vào hoạt động sản xuất, kinh doanh để tiếp kiệm tối đa chi phí vận hành</p><p><br></p><p>5. Cách thức tận dụng mọi tiềm lực hiện có của bản thân để khởi sự kinh doanh ngay lập tức. Công thức huy động vốn và sư dụng tiền của người khác chưa từng được tiết lộ.</p><p><br></p><p>6. Những tuyệt chiêu Marketing và bán hàng với chi phí cực thấp giúp tăng doanh số và từng bước gây dựng thương hiệu công ty. Phương pháp mở rộng thị phần của “cá mật”</p><p><br></p><p>7. Phương pháp làm thương hiệu của “cá mập”, biến thương hiệu trở thành tài sản giá trị nhất của doanh nghiệp</p><p><br></p><p>8. Bí quyết thành công cân bằng cuộc sống, quản lý thời gian. Tăng hiệu suất công việc, xây dựng và pháp triển các mối quan hệ mới.</p><p><br></p><p>***</p><p>Mark Cuban (sinh năm 1958) là doanh nhân, tỷ phú công nghệ người Mỹ, nhà đầu tư ngôi sao trong show truyền hình thực tế Shark Tank (Mỹ), chủ sở hữu của của đội bóng rổ NBA’s Dallas Mavericks (Mỹ) sau thương vụ trị giá 280 triệu USD.</p><p><br></p><p>Xuất thân từ gia đình lao động nghèo, Mark Cuban đã làm việc chăm chỉ từ tuổi thiếu niên trước khi trở thành vị tỷ phú thành đạt, ông cũng là chủ của một tập đoàn chuyên kinh doanh trong lĩnh vực giải trí và truyền thông. Hệ thống 52 rạp chiếu phim mang tên Landmark Theatres của Cuban thuộc loại lớn nhất ở Mỹ.</p><p><br></p><p>Theo Forbes, hiện ông sở hữu khối tài sản khoảng 3,3 tỷ USD.</p><p><br></p><p>***</p><p><br></p><p>LỜI MỞ ĐẦU</p><p><br></p><p>Tôi không thể nói cho bạn biết đã bao nhiêu lần người ta bảo tôi viết sách. Tôi không nhớ hết nhiều đến nỗi nào. Thực tế là tôi không muốn viết sách. Vì sao ư? Vì tôi vẫn chưa già! Tồi còn trẻ. Tôi vui vẻ. Tôi không xấu trai lắm và tôi có một gia đình tuyệt vời. Tôi chỉ vừa mới khá lên chút thôi. Hiện tại còn quá sớm để viết sách.</p><p><br></p><p>Nhưng tôi có viết blog với rất nhiều bài đăng trên đó. Hầu hết các bài viết đều liên quan tới việc bắt đầu một doanh nghiệp. Nhiều bài trong số đó đề cập đến thách thức của các doanh nhân. Một số bài chia sẻ về những việc liên quan đến cách điều hành một doanh nghiệp. Các bài còn lại là về cuộc sống nói chung.</p><p><br></p><p>Vì vậy thay vì viết sách, tôi quyết định giám tuyển(1) (thấy tôi dùng từ thời thượng không?) và cập nhật một số bài phổ biến và riêng tư hơn trên blog của tôi trong bảy năm qua.</p><p><br></p><p>(1) Aggregate và curate là các thuật ngữ chỉ việc biên tập nội dung trên website bằng cách tổng hợp các bài viết có nội dung liên quan thành cùng một nhóm. Trong đó “aggregate” chỉ đơn thuần là nhóm các nội dung liên quan, còn “curate” là nhóm, chọn lọc, chú thích hay giải thích sự liên quan giữa các nội dung và bố cục theo một cách logic, có trật tự. “Curate” còn dùng trong nghệ thuật, tiếng Việt là giám tuyển. </p><p><br></p><p>Khi đọc những góp nhặt này, bạn đừng nghĩ mình phải đọc nó giống như đọc một cuốn sách. Hãy đọc nó giống như cách để tinh thần phấn chấn. Hãy coi nó giống như tài liệu bạn có thế xem lại khi cần. Hãy lướt qua và tìm bài nào bạn thấy liên quan, hay đọc từng từ từng chữ trong từng bài là tùy bạn. Dù bạn đọc theo cách nào, tôi cũng hy vọng bạn sẽ tìm thấy vài thứ giúp bạn đạt được mục tiêu và có nhiều niềm vui hơn trong cuộc sống.</p><p><br></p><p>Có một chuyện quan trọng hơn cả, đó là tôi mong bạn nhận ra rằng nếu tôi có thể trở thành người may mắn nhất thế gian mà giật giải trong môn thể thao kinh doanh này, thì với một chút nỗ lực, và một chút may mắn, bạn có thể trở thành “kẻ tám lạng, người nửa cân” với tôi. Tôi sẽ không chịu bỏ cuộc dễ dàng đâu, và bạn có thể chắc chắn rằng tôi sẽ thích cuộc cạnh tranh đó!</p><p><br></p><p>Dù yêu thích hay ghét bỏ, khi bạn đọc xong cuốn sách nhỏ này, hãy email cho tôi để tôi biết ý kiến của bạn qua địa chỉ&nbsp;Mark.Cuban@dallasmavs.com.&nbsp;Tôi không chắc mình có trả lời bạn được hay không, nhưng rất có khả năng tôi sẽ làm thế nếu bạn phân tích những điểm thú vị của cuốn sách này, và quan trọng hơn là, bạn cho tôi biết bạn đã thuyết phục tất cả bạn bè và đồng nghiệp mua cuốn sách này ra sao. À, mà tôi chưa bao giờ nói mình là kẻ tế nhị đâu nhé!</p>',102,0,49,NULL,19,NULL,4,0,'2022-12-11 08:28:19.066032','2022-12-11 01:28:19.542736'),(55,'Bà Ngoại Thời @','ba-ngoai-thoi','<h2 class=\"ql-align-center\">Bà Ngoại Thời @</h2><p class=\"ql-align-center\"><br></p><p>Không ti vi, không máy tính, không điện thoại di động. Đó là giải pháp của bố mẹ để đối phó với 1 kẻ nghiện đủ các thể lại màn hình như Sam, khi quyết định gửi nó về sống ở nhà bà ngoại tại Nice. Địa ngục là đây chứ còn đâu nữa! Nhưng địa ngục ấy không chỉ dành cho Sam, bởi bà ngoại Martha từ giờ trở đi sẽ phải sống với cuộc sống độc thân yêu thích của mình, lại suốt ngày vất vả nấu nướng, chăm sóc và kèm cặp thằng cháu ngoại 16 tuổi lộc ngộc đang độ ương bướng. Nhưng có ai học được chữ ngờ. Biết đâu chừng cuộc sống chung cưỡng ép ấy lại là cơ hội cho cả hai bà cháu&nbsp;để thay đổi những thói quen của mình và nhìn thế giới dưới một góc độ khác? Nhất là khi, bà ngoại bỗng chốc&nbsp;biến thành một con người không ai hình dung nổi.</p><p><br></p>',202,0,50,NULL,20,NULL,10,0,'2022-12-11 08:28:19.066032','2022-12-11 01:28:19.542736'),(56,'Bồ Câu Không Đưa Thư','bo-cau-khong-dua-thu','<h2 class=\"ql-align-center\">Bồ Câu Không Đưa Thư</h2><p class=\"ql-align-center\"><br></p><p>Câu chuyện bắt đầu từ lá thư làm quen để trong học bàn của Thục, trong bộ ba Xuyến, Thục, Cúc Hương.</p><p><br></p><p>Lá thư chân tình đã thu hút sự tò mò của bộ ba, và họ bị cuốn hút vào trò chơi với người giấu mặt, dần hồi kéo theo Phán củi, anh chàng xấu xí vụng về của lớp làm quân sư và giúp xướng họa thơ. Cuộc truy tìm dẫn mọi người đến nhiều hiểu lầm tai hại và cả những bất ngờ thú vị. Và điều bất ngờ cuối cùng đã được phát hiện quá muộn. Vì sao? Xin để cho bạn đọc tự khám phá.</p><p>***</p><p>Nguyễn Nhật Ánh là tên và cũng là bút danh của một nhà văn Việt Nam chuyên viết cho tuổi mới lớn. Ông sinh ngày 7 tháng 5 năm 1955 tại huyện Thăng Bình, Quảng Nam.</p><p><br></p><p>Thuở nhỏ ông theo học tại các trường Tiểu La, Trần Cao Vân và Phan Chu Trinh. Từ 1973 Nguyễn Nhật Ánh chuyển vào sống tại Sài Gòn, theo học ngành sư phạm. Ông đã từng đi Thanh niên xung phong, dạy học, làm công tác Đoàn Thanh niên Cộng Sản Hồ Chí Minh. Từ 1986 đến nay ông là phóng viên nhật báo Sài Gòn Giải Phóng, lần lượt viết về sân khấu, phụ trách mục tiểu phẩm, phụ trách trang thiếu nhi và hiện nay là bình luận viên thể thao trên báo Sài Gòn Giải Phóng Chủ nhật với bút danh Chu Đình Ngạn. Ngoài ra, Nguyễn Nhật Ánh còn có những bút danh khác như Anh Bồ Câu, Lê Duy Cật, Đông Phương Sóc, Sóc Phương Đông,…</p><p><br></p><p>Tác phẩm mới nhất của Nguyễn Nhật Ánh được NXB Trẻ ấn hành mang tên Ngồi khóc trên cây, xuất bản ngày 27 tháng 6 năm 2013.</p><p>***</p><p>Mới mười hai giờ trưa, lớp học đã đông nghẹt người. Những dây kim tuyến nhiều màu vắt lơ lửng ngang trần phòng khiến lớp học rực rỡ hẳn lên. Từng tốp học sinh chia nhau làm nốt những công việc cuối cùng dưới sự “chỉ đạo” của Hoàng Hòa. Tốp lau sàn. Tốp khuân bàn ghế. Tốp dượt văn nghệ. Buổi liên hoan cuối năm chưa bắt đầu mà không khí đã nhộn nhịp, huyên náo như hội chợ tết.</p><p><br></p><p>Xuyến, Thục và Cúc Hương được phân công trang hoàng bức vách cuối lớp. Những bông hoa giấy đã được cắt sẵn. Cúc Hương đứng dưới đất bôi hồ. Thục và Xuyến leo lên ghế kiễng chân dán.</p><p><br></p><p>– Tiếc quá hén, Xuyến? – Cúc Hương đột ngột lên tiếng.</p><p><br></p><p>– Chuyện gì vậy?</p><p><br></p><p>– Chuyện Phán củi ấy mà! – Cúc Hương chép miệng – Hắn bỏ về làm bữa nay tụi mình mất vui.</p><p><br></p><p>– Ừ.</p><p><br></p><p>Xuyến đáp, cố làm ra vẻ hờ hững. Nó không muốn nhắc tới Phán củi, sợ Thục buồn, dù nó không hiểu tại sao Thục lại buồn vì sự ra đi của Phán đến như thế. Chia tay với một người bạn tốt như Phán, nó cũng buồn. Nhưng nó đâu có “mít ướt” như Thục.</p><p>…</p><h3>Thuộc bộ sách</h3><p><img src=\"https://sachbo.thuvienpdf.com/V0Z8wuMrZp.webp\"></p>',176,0,51,NULL,21,NULL,10,0,'2022-12-11 08:28:19.066032','2022-12-11 01:28:19.542736'),(59,'Bố Con Cá Gai','bo-con-ca-gai','<h2 class=\"ql-align-center\">Bố Con Cá Gai</h2><p class=\"ql-align-center\"><br></p><p>Có những câu chuyện mãi được yêu thương, và nằm trong trái tim bạn đọc suốt năm này qua năm khác…&nbsp;Bố con cá gai&nbsp;là một câu chuyện như thế, trong trái tim độc giả Hàn Quốc, suốt nhiều năm nay. Ở đó có một em nhỏ đã chiến đấu với bệnh hiểm nghèo từ lúc lên ba, giờ em gần mười tuổi. Hãy khoan, đừng vội buồn! Vì em bé này sẽ chẳng làm bạn phải buồn nhiều. Em chịu tiêm rất giỏi, em không khóc, ngoài những lúc mệt quá ngủ thiếp đi, em còn bận đỏ bừng mặt nghĩ tới bạn Eun Mi kẹp-tóc-hoa, bận xếp hình tàu cướp biển, bận lật giở cuốn truyện&nbsp;Bảy viên ngọc rồng… Nhưng bố em thì khác, một ông bố làm em nhỏ của chúng ta phiền lòng quá nhiều, cũng làm những ai dõi theo “bố con cá gai” phải buồn không ít, có khi buồn quá hóa giận! Ông bố ấy đích thị là bố cá gai – một cá bố rất kỳ lạ – cả nguồn sống chỉ co cụm quẩn quanh cá gai con tí xíu. Như một ông bố ngốc!</p><p><br></p><p>Ra đời năm 2000, câu chuyện cảm động về ông bố cá gai và cậu bé con mà người bố ấy nâng niu trong&nbsp;Bố con cá gai có sức lay động mạnh mẽ, trở thành một trong những câu chuyện về tình cha được người Hàn Quốc yêu thích nhất.</p>',340,0,54,NULL,22,NULL,12,0,'2022-12-11 08:28:19.066032','2022-12-11 01:28:19.542736'),(60,'Chúa Ruồi ','chua-ruoi','<h2 class=\"ql-align-center\"><span style=\"font-size: 32px; color: rgb(34, 34, 34);\">Chúa Ruồi&nbsp;</span></h2><p>Sơ lược về tác phẩm</p><p><br></p><p>Nobel văn chương 1983</p><p><br></p><p>Trong một cuộc chiến tranh nguyên tử, mấy chục đứa trẻ chưa đến tuổi thiếu niên “may mắn” sống sót trên một hoang đảo sau khi chiếc máy bay chở chúng đi sơ tán bị trúng đạn. Chúng tập họp dưới bầu trời Nam Thái Bình Dương nắng gắt, chia sẻ gánh nặng và đặt niềm tin vào thủ lĩnh. Nhưng rồi, cái đói và thiên nhiên khắc nghiệt từng bước vắt kiệt bọn trẻ. Bản năng sinh tồn đã dần bóp nghẹt sự ngây thơ – từ đây thực tại của chúng tan hòa vào ác mộng.</p><p><br></p><p>Một câu truyện ngụ ngôn đau đớn và hãi hùng, ngập tràn những tư tưởng ẩn sâu dưới hàng hàng lớp lớp ẩn dụ và biểu tượng. Với Chúa ruồi, một câu chuyện phiêu lưu đầy ám ảnh, một kiệt tác văn học kinh điển, William Golding đã khiến các nhà phê bình văn học hao tổn giấy mực chỉ để tranh luận về một vấn đề: Có thực “nhân chi sơ tính bản thiện” hay chăng là… ngược lại?</p>',326,0,55,NULL,23,NULL,12,0,'2022-12-11 08:28:19.066032','2022-12-11 01:28:19.542736'),(61,'Bắt Trẻ Đồng Xanh','bat-tre-dong-xanh','<h2 class=\"ql-align-center\">Bắt Trẻ Đồng Xanh</h2><p class=\"ql-align-center\"><br></p><p>Holden Caulfield, 17 tuổi, đã từng bị đuổi học khỏi ba trường, và trường dự bị đại học Pencey Prep là ngôi trường thứ tư. Và rồi cậu lại trượt 4 trên 5 môn học và nhận được thông báo đuổi học. Câu chuyện kể về chuỗi ngày tiếp theo sau đó của Holden, với ánh nhìn cay độc, giễu cợt vào một cuộc đời tẻ nhạt, xấu xa, trụy lạc và vô phương hướng của một thanh niên trẻ.</p><p><br></p><p>Bắt trẻ đồng xanh đã từng trở thành chủ đề tranh luận hết sức sâu rộng tại Mỹ. Sau rất nhiều thị phi, tác phẩm đã được đưa vào giảng dạy tại chương trình trung học Mỹ. Và hơn thế, tạp chí Time đã xếp Bắt trẻ đồng xanh vào một trong 100 tác phẩm viết bằng tiếng Anh hay nhất từ năm 1923 đến nay.</p>',328,0,56,NULL,24,NULL,12,0,'2022-12-11 08:28:19.066032','2022-12-11 01:28:19.542736'),(62,'Tàn Ngày Để Lại','tan-ngay-de-lai','<h2 class=\"ql-align-center\">Tàn Ngày Để Lại</h2><p class=\"ql-align-center\"><br></p><p>Stevens là một quản gia người Anh với tất cả mọi hàm nghĩa của từ này: tận tụy, chỉn chu, trung thành, và trên hết, luôn luôn có một ý thức mãnh liệt về phẩm giá nghề nghiệp. Mong muốn cải thiện chất lượng phục vụ tại dinh thự và chấm dứt những sa sút hiện tại, Stevens dấn thân vào một cuộc hành trình đi qua Miền Tây nước Anh. Mỗi chặng trên cuộc hành trình mở ra một cánh cửa nối về quá khứ, và dần dà hành trình ấy làm hé lộ những mất mát và nuối tiếc theo sau những ảo tưởng của một đời người.</p><p><br></p><p>Bằng một lối viết bậc thầy, đạt đến một sự cân bằng phi thường giữa lời kể bình thản, điềm tĩnh và nỗi hoang mang dữ dội cùng niềm tiếc nuối mênh mông, Kazuo Ishiguro đã bóc tách một cách hết sức tinh tế cái ảo tưởng tót vời mà nhân vật chính đã dâng hiến đời mình cho nó, và làm lộ ra trong cốt lõi không phải là một lý tưởng, mà là một sự ngây thơ rất đẹp nhưng cũng rất khờ dại khi đặt trong một thời hiện đại khôn lường, sự ngây thơ thuộc về một quá khứ mà con người vĩnh viễn không thể nào trở lại được nữa.</p><p><br></p><p><strong>Tác giả:</strong></p><p><br></p><p>Kazuo Ishiguro (sinh ngày 8/11/1954) là nhà văn Anh gốc Nhật nổi tiếng thế giới. Sinh ra tại Nagasaki, Nhật Bản, ông theo gia đình sang Anh sinh sống từ năm 1960. Ông tốt nghiệp trường Đại học Kent năm 1978 và nhận bằng Thạc sĩ khóa sáng tác văn chương của trường Đại học East Anglia năm 1980. Hiện ông sinh sống và làm việc tại London cùng vợ và con gái.</p><p><br></p><p>Ishiguro được xem là một trong những nhà văn Anh ngữ nổi bật nhất hiện nay. Ông là một trong những nhà văn hiếm hoi cùng lúc sở hữu hai giải thưởng văn chương danh giá: giải Man Booker (1989) và giải Nobel Văn chương (2017).</p><p><br></p><p>Tàn ngày để lại xuất bản năm 1989 đã giúp tác giả nhận được giải Man Booker. Cuốn sách được xem là một trong những tác phẩm xuất sắc nhất của Kazuo Ishiguro.</p><p><br></p><p>Những tác phẩm của Kazuo Ishiguro đã được Nhã Nam xuất bản:</p><p><br></p><ul><li>Mãi đừng xa tôi</li><li>Dạ khúc</li><li>Người khổng lồ ngủ quên</li><li>Cảnh đồi mờ xám</li></ul><p><br></p>',286,0,57,NULL,25,NULL,12,0,'2022-12-11 08:28:19.066032','2022-12-11 01:28:19.542736'),(63,'Chuyện Nàng O','chuyen-nang-o','<h2 class=\"ql-align-center\">Chuyện Nàng O</h2><p class=\"ql-align-center\"><br></p><p>Không ít người coi đây chỉ là một cuốn tiểu thuyết khiêu dâm, nhưng Chuyện nàng O còn là một tiếng kêu, tiếng kêu của một con người muốn bản thân mình thuộc về một người khác. Cho dù sự quy chiếu vào thói bạo dâm-khổ dâm được thể hiện rõ nét, tác phẩm không chỉ bày ra trước mắt độc giả những hành vi thực hành tính dục, mà còn và nhất là muốn người đọc chứng kiến nhân vật bước vào một cuộc tìm kiếm cái tuyệt đối: sự dâng hiến bản thân, để rồi thấy mình hạnh phúc khi được giải thoát khỏi những ham muốn, lợi ích và mặc cảm cá nhân. Câu chuyện càng mang nặng sức thôi miên và ám ảnh hơn nữa dưới ngòi bút tỉ mỉ, sắc lạnh của tác giả.</p><p><br></p><p>Được xuất bản năm 1954, tiểu thuyết đặc biệt này, cùng phần tiếp theo ra mắt bạn đọc vào năm 1969, đã tạo nên một bản tuyên ngôn tính dục, như một lời hồi đáp cho những ảo tượng bạo dâm của đàn ông, kéo theo đó là một scandal lớn trong giới văn chương Pháp với vô số ý kiến trái chiều trước một thể loại mới mà về sau Pauline Réage đã được xem là người đặt nền móng đầu tiên: văn chương huê tình nữ lưu.</p><p><br></p><p>“Tôi đã ngay lập tức nghĩ rằng cuốn sách này sẽ là một cuộc cách mạng.” – Jean-Jacques Pauvert</p>',328,0,58,NULL,26,NULL,12,0,'2022-12-11 08:28:19.066032','2022-12-11 01:28:19.542736'),(65,'Đắc Nhân Tâm ','dac-nhan-tam','<h2 class=\"ql-align-center\">Đắc nhân tâm </h2><p class=\"ql-align-center\"><br></p><p class=\"ql-align-justify\">Đắc nhân tâm của Dale Carnegie là quyển sách nổi tiếng nhất, bán chạy nhất và có tầm ảnh hưởng nhất của mọi thời đại. Tác phẩm đã được chuyển ngữ sang hầu hết các thứ tiếng trên thế giới và có mặt ở hàng trăm quốc gia. Đây là quyển sách duy nhất về thể loại self-help liên tục đứng đầu danh mục sách bán chạy nhất (best-selling Books) do báo The New York Times bình chọn suốt 10 năm liền.</p><p class=\"ql-align-justify\"><br></p><p class=\"ql-align-justify\">Riêng bản tiếng Anh của sách đã bán được hơn 15 triệu bản trên thế giới. Tác phẩm có sức lan toả vô cùng rộng lớn - dù bạn đi đến bất cứ đâu, bất kỳ quốc gia nào cũng đều có thể nhìn thấy. Tác phẩm được đánh giá là quyển sách đầu tiên và hay nhất, có ảnh hưởng làm thay đổi cuộc đời của hàng triệu người trên thế giới.</p><p class=\"ql-align-justify\"><br></p><p class=\"ql-align-justify\">Không còn nữa khái niệm giới hạn Đắc Nhân Tâm là nghệ thuật thu phục lòng người, là làm cho tất cả mọi người yêu mến mình. Đắc nhân tâm và cái Tài trong mỗi người chúng ta. Đắc Nhân Tâm trong ý nghĩa đó cần được thụ đắc bằng sự hiểu rõ bản thân, thành thật với chính mình, hiểu biết và quan tâm đến những người xung quanh để nhìn ra và khơi gợi những tiềm năng ẩn khuất nơi họ, giúp họ phát triển lên một tầm cao mới. Đây chính là nghệ thuật cao nhất về con người và chính là ý nghĩa sâu sắc nhất đúc kết từ những nguyên tắc vàng của Dale Carnegie.</p><p class=\"ql-align-justify\"><br></p><p class=\"ql-align-justify\">30 Nguyên tắc vàng đối nhân xử thế của Đắc Nhân Tâm</p><p class=\"ql-align-justify\"><br></p><p class=\"ql-align-justify\">1. Những người bạn gặp trên đường đời sẽ ảnh hưởng đến cuộc sống của bạn. Dù tốt hay xấu, họ cũng tặng bạn những kinh nghiệm sống hết sức tuyệt vời. Chính vì thế, đừng nên lên án, chỉ trích hay than phiền ai cả. Thậm chí, nếu có ai đó làm tổn thương bạn, phản bội bạn hay lợi dụng lòng tốt của bạn thì xin hãy cứ tha thứ cho họ. Bởi vì có thể, chính nhờ họ mà bạn học được cách khoan dung.</p><p class=\"ql-align-justify\"><br></p><p class=\"ql-align-justify\">2. Biết khen ngợi và cảm ơn những người xung quanh một cách chân thành chính là chiếc đũa thần tạo nên nên tình thân ái và nguồn động viên tinh thần to lớn. Đó là niềm vui rằng mỗi người đang được quan tâm, công nhận và yêu thương. Mỗi người được khen ngợi chân thành sẽ tự nhiên sửa đổi những tính xấu để trở nên hoàn thiện hơn.</p><p class=\"ql-align-justify\"><br></p><p class=\"ql-align-justify\">3. Dễ khi nhận nhưng khó khi cho.</p><p class=\"ql-align-justify\"><br></p><p class=\"ql-align-justify\">Dễ là khi nghĩ xấu về người khác nhưng khó là khi tặng cho họ niềm tin.</p><p class=\"ql-align-justify\"><br></p><p class=\"ql-align-justify\">Dễ là khi dập tắt đi ước mơ của người khác và khó là khi gợi cho người khác một mong muốn tha thiết.</p><p class=\"ql-align-justify\"><br></p><p class=\"ql-align-justify\">4. Khi chúng ta cố gây ấn tượng với người khác chỉ để người ấy quan tâm đến mình, chúng ta sẽ không bao giờ có nhiều bạn bè thật sự chân thành. Nếu muốn có những người bạn thật sự thì hãy nghĩ và làm việc gì đó cho họ, dành cho họ thời gian, sức lực và sự quan tâm không vụ lợi.</p><p class=\"ql-align-justify\"><br></p><p class=\"ql-align-justify\">5. Đừng quên mỉm cười trong cuộc sống.</p><p class=\"ql-align-justify\"><br></p><p class=\"ql-align-justify\">Nụ cười của bạn mang lại hạnh phúc cho những người xung quanh và do đó cũng mang lại hạnh phúc cho chính bản thân bạn.</p><p class=\"ql-align-justify\"><br></p><p class=\"ql-align-justify\">Nụ cười không chỉ làm giàu người nhận mà cả người cho.</p><p class=\"ql-align-justify\"><br></p><p class=\"ql-align-justify\">Nụ cười xuất hiện trong nháy mắt nhưng có thể để lại dấu ấn suốt đời.</p><p class=\"ql-align-justify\"><br></p><p class=\"ql-align-justify\">Hãy mỉm cười với nhau – dù đó là người bạn chưa quen biết. Nụ cười ấy sẽ soi chiếu đến những góc khuất của tâm hồn và làm bừng sáng cả những nơi tăm tối nhất.</p><p class=\"ql-align-justify\"><br></p><p class=\"ql-align-justify\">…. vì không ai cần một nụ cười nhiều bằng người đã không còn một nụ cười nào nữa để cho đi</p><p class=\"ql-align-justify\"><br></p><p class=\"ql-align-justify\">6. Chúng ta cần nhận ra điều kỳ diệu ẩn chứa sau tên gọi của mỗi con người và ghi nhớ rằng mỗi cái tên, dù đơn giản đến đâu, cũng chính là điều quan trọng và niềm vui của người ấy. Do vậy, thông tin mà chúng ta đang trao đổi hay những câu chuyện giữa hai bên sẽ trở nên thật đặc biệt khi chúng ta lồng vào trong đó tên của người chúng ta đang giao tiếp. Cho dù họ là ai, người hầu bàn hay vị tổng giám đốc, cái tên vẫn luôn đem lại điều kì diệu khi chúng ta gọi đúng nó.</p><p class=\"ql-align-justify\"><br></p><p class=\"ql-align-justify\">“Những đức tính tốt được phát triển và rèn luyện từ rất nhiều công sức và lòng quyết tâm.”</p><p class=\"ql-align-justify\"><br></p><p class=\"ql-align-justify\">Ralph Waldo Emerson</p><p class=\"ql-align-justify\"><br></p><p class=\"ql-align-justify\">7. Trong tiếng trung Quốc, từ “lắng nghe” được viết bởi những nét chữ tạo nên bằng 5 từ bên trong – tai, mắt, tim, một, và vua. Lắng nghe ở đây bao hàm ý chúng ta luôn cần phải mở rộng tai, mắt, tấm lòng, hòa làm một với người đang giao tiếp và cho họ thấy được sự quan trọng của họ.</p><p class=\"ql-align-justify\"><br></p><p class=\"ql-align-justify\">Muốn có tài ăn nói thì phải chăm chú lắng nghe.</p><p class=\"ql-align-justify\"><br></p><p class=\"ql-align-justify\">Muốn được người khác quan tâm, bạn nên quan tâm đến người khác: hỏi nhữ</p><p class=\"ql-align-justify\"><br></p><p class=\"ql-align-justify\">8. Một lời nói bất cẩn, thiếu suy nghĩ có thể làm mất thiện cảm, gây ra bất hòa. Một lời độc ác có thể làm tổn thương một tâm hồn. Một lời đúng lúc có thể mang lại bình an. Một lời yêu thương có thể đem lại hạnh phúc thật sự.</p><p class=\"ql-align-justify\"><br></p><p class=\"ql-align-justify\">Và có những lời nói có thể cứu được một con người…</p><p class=\"ql-align-justify\"><br></p><p class=\"ql-align-justify\">Con đường nhanh nhất dẫn đến trái tim một người là bàn luận về những điều người ấy quan tâm nhất.</p><p class=\"ql-align-justify\"><br></p><p class=\"ql-align-justify\">9. Người có giá trị nhất là người giúp cho đồng loại mình được nhiều nhất.</p><p class=\"ql-align-justify\"><br></p><p class=\"ql-align-justify\">Làm cho người khác cảm thấy họ quan trọng là một trong những cách thức hữu ích nhất để giúp họ sống và làm việc tốt hơn.</p><p class=\"ql-align-justify\"><br></p><p class=\"ql-align-justify\">“Lòng ham muốn được tỏ ra mình quan trọng là một sự thôi thúc mạnh mẽ nhất trong bản chất con người.” - John Dewey</p><p class=\"ql-align-justify\"><br></p><p class=\"ql-align-justify\">10. Đức Phật dạy: “Oán không bao giờ diệt được oán, chỉ có tình thương yêu mới diệt được oán.”</p><p class=\"ql-align-justify\"><br></p><p class=\"ql-align-justify\">Tranh cãi không giải quyết được bất hòa, chỉ có lòng khoan dung và thiện chí nhìn nhận sự việc bằng quan điểm của đối phương mới hòa giải được.</p><p class=\"ql-align-justify\"><br></p><p class=\"ql-align-justify\">“Nếu bạn cố tranh cãi để thắng thì đấy cũng chỉ là một chiến thắng vô nghĩa, bởi vì bạn sẽ không bao giờ nhận được thiện chí và sự hợp tác của đối phương” - Benjamin Franklin</p><p class=\"ql-align-justify\"><br></p><p class=\"ql-align-justify\">“Khi tranh luận với một người, bạn cần định hướng để sau cuộc tranh cãi bạn sẽ có thêm một người bạn.” – Diodore</p><p class=\"ql-align-justify\"><br></p><p class=\"ql-align-justify\">11. “Dạy người, phải khéo léo như không dạy gì cả, giảng điều chưa biết mà cứ như nhắc lại chuyện đã quên. Bởi một điều đơn giản là đối với người hiểu biết thì chỉ cần nửa lời cũng đủ cho họ nắm rõ mọi điều chúng ta muốn nói.” – Alexander Pope</p><p class=\"ql-align-justify\"><br></p><p class=\"ql-align-justify\">“Tài năng quý hiếm nhất là tài năng của một người biết nhìn nhận người khác có tài năng.” – Ernest Hemingway</p><p class=\"ql-align-justify\"><br></p><p class=\"ql-align-justify\">12. Nếu chúng ta chịu nhìn nhận những điều sai trái của mình trước khi người khác có dịp nói ra, chúng ta sẽ có 99% cơ hội được đối xử bằng thái độ hào hiệp.</p><p class=\"ql-align-justify\"><br></p><p class=\"ql-align-justify\">Trong quan hệ với con người, hãy luôn nhớ rằng chúng ta đang giao tiếp với những sinh vật không những có lý trí mà còn có cảm xúc, họ rất dễ bị tổn thương bởi định kiến nhưng luôn có động lực khi có niềm tự hào và lòng kiêu hãnh.“Nếu bạn đã sai lầm thì không gì hay bằng thẳng thắn nói rằng: “Tôi đã sai”. Nhượng bộ không phải hạ mình, nhận lỗi không là nhục nhã.” – Fenelon.</p><p class=\"ql-align-justify\"><br></p><p class=\"ql-align-justify\">13. Truyện ngụ ngôn của Aesop kể rằng:</p><p class=\"ql-align-justify\"><br></p><p class=\"ql-align-justify\">Nếu bạn bảo con cái, vợ/chồng hay nhân viên của bạn rằng họ ngốc nghếch, vụng về hay bất tài… nghĩa là bạn đã hủy diệt hầu hết mọi động cơ để họ tiến bộ. Nhưng nếu ngược lại, bạn khuyến khích, làm cho sự việc có vẻ dễ dàng hơn , thể hiện sự tin tưởng rằng họ có năng khiếu nhưng chưa được phát triển thì họ nhất định sẽ cố gắng phát triển năng khiếu mà bạn đã phát hiện hay thậm chí là gán cho họ.</p><p class=\"ql-align-justify\"><br></p><p class=\"ql-align-justify\">“Chúng ta không thể dạy bảo ai bất cứ điều gì. Chúng ta chỉ có thể giúp họ phát hiện ra những gì còn tiềm ẩn bên trong con người họ” – Galileo</p><p class=\"ql-align-justify\"><br></p><p class=\"ql-align-justify\">14. Khi nói chuyện với mọi người, bạn không nên bắt đầu bằng những điểm khác biệt, mà nên bắt đầu bằng cách nhấn mạnh những điểm mà hai bên đều đồng ý. Nếu như có thể, bạn sẽ tiếp tục nhấn mạnh rằng cả hai đều phấn đấu cho cùng một mục đích, sự khác nhau duy nhất giữa hai người chỉ là về mặt phương pháp mà thôi. Câu trả lời “Đồng ý” ngay từ đầu sẽ tốt hơn rất nhiều.</p><p class=\"ql-align-justify\"><br></p><p class=\"ql-align-justify\">Vì khi một người đã thực sự nói “Không” thì toàn bộ các giác quan, hệ thần kinh, cơ bắp của người ấy đều tập trung trong tâm thế từ chối. Trái lại, khi một người nói “Có” thì từng tế bào trong cơ thể người đó giãn ra trong trạng thái sẵn sàng tiếp nhận. Nên nếu ngay từ đầu chúng ta tranh thủ được nhiều tiếng “Có” là ta đã mở rộng con đường cho việc tiếp nhận đề nghị sau cùng – mục đích của chúng ta.</p><p class=\"ql-align-justify\"><br></p><p class=\"ql-align-justify\">15. Điều quan trọng nhất của mọi cuộc trò chuyện là để người khác bộc lộ mình. Sau khi bày tỏ những quan tâm của mình, người đối thoại sẽ hài lòng về bản thân và kiến thức của họ, và tự nhiên họ sẽ lắng nghe chúng ta.</p><p class=\"ql-align-justify\"><br></p><p class=\"ql-align-justify\">16. Mọi người đều thích làm theo ý mình chứ không ai muốn hành động theo lời người khác sai bảo. Ai cũng thích được hỏi về những mong muốn, nguyện vọng và suy nghĩ của họ.</p><p class=\"ql-align-justify\"><br></p><p class=\"ql-align-justify\">17. Trong mọi mối quan hệ, phải biết bỏ qua cái tôi của mình và đồng cảm với người khác để suy xét mọi việc.“Mức độ lớn khôn và trưởng thành thực sự trong cuộc đời của mỗi con người tùy thuộc vào thái độ ứng xử của họ đối với người khác: dịu dàng với người trẻ, cảm thông với người già, chia sẻ với người bất hạnh, động viên người có chí hướng, tha thứ người mắc lỗi lầm, bao dung với kẻ yếu và khoan hòa với kẻ mạnh. Bởi lẽ, đến một lúc nào đó trong cuộc đời của mỗi con người, họ cũng sẽ lâm vào những cảnh ngộ tương tự.” – George Washington Carver</p><p class=\"ql-align-justify\"><br></p><p class=\"ql-align-justify\">18. Điều đáng quý nhất trong cuộc đời của mỗi người chính là những nghĩa cử tốt đẹp đối với người khác – những nghĩa cử nhỏ bé, không tên mà chính người đó đã quên đi. Chỉ cần một cái ôm thật chặt, một sự im lặng cảm thông , một cái chạm tay thân thiện, một đôi tai biết lắng nghe là bạn có thể chia sẻ với tất cả mọi người. Lòng tốt, sự quan tâm chia sẻ, đồng cảm là ngôn ngữ đặc biệt mà bất cứ ai cũng có thể cảm nhận được.</p><p class=\"ql-align-justify\"><br></p><p class=\"ql-align-justify\">Ba phần tư những người chúng ta gặp ngày mai luôn “đói khát” sự đồng cảm và chia sẻ. Hãy cho họ điều đó và họ sẽ yêu mến bạn.“Đừng để một ai chẳng nhận được gì sau khi rời bạn mặc dù bạn biết rằng có thể bạn sẽ không bao giờ gặp lại họ. Đôi khi, chỉ một ánh mắt thiện cảm dành cho người khác cũng là một món quà lớn lao trong đời.” – Ngạn ngữ Pháp</p><p class=\"ql-align-justify\"><br></p><p class=\"ql-align-justify\">19. Nếu được yêu thương, con người sẽ biết yêu thương và trở nên đáng yêu hơn.</p><p class=\"ql-align-justify\"><br></p><p class=\"ql-align-justify\">“Nếu bạn cứ chỉ luôn nhìn vào mặt xấu của một ai đó, điều đó sẽ làm anh ta ngày càng trở nên tồi tệ hơn. Nhưng nếu khuyến khích anh ta vươn tới những điều tốt, chắc chắn anh ta sẽ làm được.” – Johann Goethe</p><p class=\"ql-align-justify\"><br></p><p class=\"ql-align-justify\">20. Một món ăn được trình bày sinh động sẽ làm thực khách cảm nhận rõ cái tài của người đầu bếp.</p><p class=\"ql-align-justify\"><br></p><p class=\"ql-align-justify\">Một truyện ngắn được viết sinh động sẽ làm độc giả nhận ra khả năng sử dụng ngôn ngữ của nhà văn.Một ý kiến được mô tả sinh động làm người nghe cảm nhận trí tuệ tinh túy của người nói.</p><p class=\"ql-align-justify\"><br></p><p class=\"ql-align-justify\">21. Frederic Herzberg là một trong những nhà khoa học rất nổi tiếng về hành vi con người. Ông nghiên cứu thái độ trong công việc của hàng ngàn công nhân và các nhà quản trị cao cấp. Ông đã tìm ra những yếu tố động viên quan trọng nhất đối với người đi làm – không phải là tiền bạc, môi trường làm việc tốt, hay phúc lợi; mà là bản thân công việc. Nếu công việc thú vị, tạo điều kiện để phát triển, thể hiện năng lực, nhân viên sẽ rất gắn bó và luôn có động lực hoàn thành công việc thật tốt.</p><p class=\"ql-align-justify\"><br></p><p class=\"ql-align-justify\">22. Khen ngợi trước khi góp ý cũng giống như nha sĩ bắt đầu công việc bằng thuốc tê. Nó sẽ giúp bệnh nhân khỏi đau đớn khi bị nhổ răng. Những người lãnh đạo và quản lý cần ghi nhớ: khát vọng sâu xa của mỗi con người là được khen ngợi, được tôn trọng và được quan tâm.</p><p class=\"ql-align-justify\"><br></p><p class=\"ql-align-justify\">23. Việc người khác gián tiếp chú ý tới những thiếu sót của mình sẽ làm cho những người nhạy cảm rất cảm kích, trong khi họ có thể cảm thấy rất khó chịu trước bất kỳ lời phê phán trực tiếp nào.</p><p class=\"ql-align-justify\"><br></p><p class=\"ql-align-justify\">Con người vốn có bản chất kiêu hãnh tự nhiên. Việc nói thẳng ra rằng người nào đó sai lầm chính là một sai lầm lớn nhất.</p><p class=\"ql-align-justify\"><br></p><p class=\"ql-align-justify\">24. Tin tưởng rằng mình có lý trí và chỉ duy nhất mình là người có lý là biểu hiện của một tầm nhìn hẹp và cố chấp. Nếu bạn không thể ngẩng cao đầu và thừa nhận lỗi lầm của mình thì lỗi lầm ấy sẽ khống chế bạn. Việc tự nhận lỗi lầm không chỉ làm cho người khác tôn trọng bạn hơn mà còn phát triển sự tự trọng của bản thân mình.Nếu người phê phán khiêm tốn thừa nhận rằng chính họ cũng từng phạm lỗi như thế , thì có khó khăn gì khi chúng ta nghe về những lỗi lầm của chúng ta? Việc nhìn nhận sai lầm của chính mình ngay cả khi chưa kịp sữa chữa, có thể giúp chúng ta thuyết phục người khác thay đổi hành vi của họ.</p><p class=\"ql-align-justify\"><br></p><p class=\"ql-align-justify\">25. Ra lệnh bằng cách đặt câu hỏi là tạo điều kiện cho người nhận lệnh được cùng đưa ra quyết định. Và một khi họ tham gia ra quyết định, họ sẽ chủ động thực hiện quyết định ấy một cách sáng tạo và tích cực nhất.</p><p class=\"ql-align-justify\"><br></p><p class=\"ql-align-justify\">26. Giữ thể diện cho người khác là một điều hết sức quan trọng. Chì cần suy nghĩ vài phút, với vài lời nói ân cần, thông cảm là chúng ta đã tránh được việc làm tổn thương người khác và cũng là tránh làm thương tổn chính nhân cách của mình.</p><p class=\"ql-align-justify\"><br></p><p class=\"ql-align-justify\">27. Lời khen như tia nắng mặt trời, nó cần thiết cho muôn loài, trong đó có con người phát triển. Vậy mà hầu hết chúng ta luôn sẵn sàng sử dụng những làn gió lạnh như cắt để phê phán và thường ngần ngại khi tặng người thân của mình những tia nắng ấm áp từ những lời khen tặng.</p><p class=\"ql-align-justify\"><br></p><p class=\"ql-align-justify\">28. Khen ngợi để người khác luôn phấn đấu xứng đáng với lời khen đó</p><p class=\"ql-align-justify\"><br></p><p class=\"ql-align-justify\">Trong đời thường, cho người khác một thanh danh là quan trọng; nhưng phê bình một người mà vẫn giữ được danh dự cho người ấy còn quan trọng hơn gấp nhiều lần. Nếu muốn khuyến khích một điều gì ở ai đó, bạn hãy làm như điều ấy chính là đặc điểm vượt trội của người đó. Họ nhất định sẽ nỗ lực phi thường để trở nên như thế.</p><p class=\"ql-align-justify\"><br></p><p class=\"ql-align-justify\">29. Nếu bạn bảo con cái, vợ/chồng hay nhân viên của bạn rằng họ ngốc nghếch, vụng về hay bất tài… nghĩa là bạn đã hủy diệt hầu hết mọi động cơ để họ tiến bộ. Nhưng nếu ngược lại, bạn khuyến khích, làm cho sự việc có vẻ dễ dàng hơn , thể hiện sự tin tưởng rằng họ có năng khiếu nhưng chưa được phát triển thì họ nhất định sẽ cố gắng phát triển năng khiếu mà bạn đã phát hiện hay thậm chí là gán cho họ.</p><p class=\"ql-align-justify\"><br></p><p class=\"ql-align-justify\">30. Con người dễ có xu hướng thay đổi thái độ nếu chúng ta làm cho người khác vui thích thực hiện điều mình được gợi ý. Gợi ý một điều gì đó thật khéo léo để người khác thực hiện là cả một nghệ thuật. Nếu chúng ta kiên trì rèn luyện và có sự quan tâm chân thành đến người khác, chúng ta sẽ làm được.</p><p class=\"ql-align-justify\"><br></p><p class=\"ql-align-justify\">Đây là cuốn Đắc Nhân Tâm – phiên bản khổ nhỏ,coa sự thay đổi về kích cỡ với kích thước 10 x 15 cm, và nội dung không có gì thay đổi so với quyển thông thường, giúp độc giả có thể dễ dàng bỏ túi hoặc mang theo.</p><p class=\"ql-align-justify\"><br></p><p class=\"ql-align-justify\">Báo chí nhắc gì về “Đắc Nhân Tâm”</p><p class=\"ql-align-justify\"><br></p><p class=\"ql-align-justify\">“Nói đến sách nghệ thuật ứng xử thì không thể không nhắc đến \"Đắc nhân tâm\" của Dale Carnegie. Đây là một trong những cuốn sách gối đầu của nhiều thế hệ đi trước và ngày nay. Với chặng đường hơn 80 năm kể từ khi lần đầu được xuất bản, \"Đắc nhân tâm\" đã mang đến cho chúng ta bài học vô cùng giá trị đó là nghệ thuật ứng xử để được lòng người. \"Đắc nhân tâm\" là quyển sách nổi tiếng và bán chạy nhất và có mặt ở hàng trăm quốc gia khác nhau, và hơn thế nữa đây còn là quyển sách liên tục đứng đầu danh mục sách bán chạy nhất do thời báo NewYork Times bình chọn trọng suốt 10 năm liền.” – 3 cuốn sách nên đọc đi đọc lại trong đời để ngẫm về cuộc sống (Cafebiz)</p><p class=\"ql-align-justify\">“Đắc Nhân Tâm – của tác giả Dale Carnegie là quyển sách nổi tiếng nhất, bán chạy nhất và có tầm ảnh hưởng nhất của mọi thời đại. Tác phẩm đã được chuyển ngữ sang hầu hết các thứ tiếng trên thế giới và có mặt ở hàng trăm quốc gia. Một khám phá rất thú vị dành cho các bậc phụ huynh khi đọc cuốn sách này là biết cách lắng nghe trò chuyện cùng con, cách trị chứng tè dầm của trẻ nhỏ, hay cách làm cho một đứa trẻ từ quậy phá thành ngoan ngoãn… Đó hẳn là những câu chuyện nuôi dạy trẻ rất đúng, rất hay, rất đời thường đáng để bạn đọc suy ngẫm và chiêm nghiệm”. – Đắc nhân tâm: ‘Cha đã quên’ nhắc những điều nên nhớ (Một Thế Giới)</p><p class=\"ql-align-justify\">“Đắc Nhân Tâm” đưa ra những lời khuyên về cách cư xử, ứng xử và giao tiếp với mọi người để đạt được thành công trong cuộc sống. Đây được coi là một trong những cuốn sách nổi tiếng nhất, bán chạy nhất và có tầm ảnh hưởng nhất mọi thời đại mà bạn không nên bỏ qua.” – 20 câu nói vàng đáng nhớ từ tuyệt tác để đời “Đắc Nhân Tâm” (Cafef)</p><p class=\"ql-align-justify\"><br></p><p class=\"ql-align-justify\"><br></p><p class=\"ql-align-justify\"><br></p><p class=\"ql-align-justify\"><br></p><p class=\"ql-align-justify\">Về tác giả</p><p class=\"ql-align-justify\"><br></p><p class=\"ql-align-justify\">Dale Carnegie sinh năm 1888 tại Maryville, Missouri, trong một gia đình nông dân, con trai thứ hai của James William Carnagey (sinh tại Indiana, tháng 2 năm 1852 – 1910) và vợ là Amanda Elizabeth Harbison (sinh tại Missouri, tháng 2 năm 1858 – 1910).Tuổi thanh niên, dù phải dậy từ bốn giờ sáng mỗi ngày để vắt sữa bò cho gia đình, ông vẫn cố gắng tốt nghiệp State Teacher\'s College tại Warrensburg. Công việc đầu tiên của ông sau khi tốt nghiệp là bán phiếu theo học các lớp hàm thụ cho những người nông dân; sau đó ông chuyển sang bán thịt lợn xông khói, xà phòng và mỡ lợn cho Armour &amp; Company. Ông đã thành công trong việc thiết lập thị trường tiêu thụ tại Nam Omaha, Nebraska trở thành thị trường chính của công ty.</p><p class=\"ql-align-justify\"><br></p><p class=\"ql-align-justify\">Sau khi để giành được $500, Carnegie bỏ nghề bán hàng năm 1911 để theo đuổi giấc mơ từ lâu là trở thành một nhà thuyết trình Chautauqua. Nhưng cuối cùng ông lại theo học Học viện Nghệ thuật Kịch Mỹ tại New York, nhưng hầu như không có thành công với tư cách một diễn viên, dù có tài liệu ghi lại ông đã đảm nhiệm vai Dr. Hartley trong một chuyến biểu diễn lưu động của Gánh xiếc Polly. Khi công việc chấm dứt, ông quay trở về New York, thất nghiệp, gần phá sản, và sống tại YMCA ở Phố 125. Chính tại đây ông nảy sinh ý tưởng giảng dạy môn nói trước công chúng, và ông đã theo đuổi một vị quản lý \"Y\" nhằm cho phép ông mở một lớp học và trao cho họ 80% lợi nhuận. Trong khóa học đầu tiên, ông hầu như không có tài liệu để dạy: ứng tác, ông đề nghị các sinh viên nói về \"điều đã khiến họ nổi giận\", và phát hiện ra rằng kỹ thuật này khiến diễn giả không cảm thấy sợ khi nói trước đám đông. Từ khởi đầu năm 1912 này, các khóa học của Dale Carnegie bắt đầu phát triển. Carnegie đưa được vào trong mỗi người Mỹ một tham vọng phát triển tự tin hơn, và tới năm 1914, ông đã kiếm được $500 - con số tương đương $10.000 ngày nay - mỗi tuần.</p><p class=\"ql-align-justify\"><br></p><p class=\"ql-align-justify\">Có lẽ một trong những hành động marketing thành công nhất của Carnegie là thay đổi cách đánh vần họ của ông từ \"Carnegey\" thành Carnegie, ở thời điểm khi Andrew Carnegie, ông vua thép, một người không hề có họ hàng với ông đang nổi tiếng và được ngưỡng mộ khắp nơi. Tới năm 1916, Dale đã có khả năng thuê Carnegie Hall để diễn thuyết. Tuyển tập các bài viết đầu tiên của Carnegie là Nói trước Công chúng: một khóa học Thiết thực cho Người làm Kinh doanh (1926), sau này được lấy tựa đề Nói trước Công chúng và Gây ảnh hưởng tới mọi Người trong Kinh doanh (1932). Tuy nhiên, thành tựu lớn nhất của ông chính là cuốn Đắc Nhân Tâm do Simon &amp; Schuster xuất bản. Cuốn sách trở thành một bestseller từ khi xuất hiện năm 1937, và được tái bản tới lần thứ 17 chỉ trong vài tháng. Khi Carnegie mất, cuốn sách của ông đã được bán tới con số 5 triệu bản bằng 31 ngôn ngữ, và đã có 450.000 người tốt nghiệp các khóa học tại Học viện Dale Carnegie Cuốn sách nói rằng ông đã nghiên cứu hơn 150.000 bài phát biểu trong phong trào giáo dục cho người lớn ở thời điểm đó. Trong Thế chiến I ông phục vụ trong Quân đội Mỹ.</p><p class=\"ql-align-justify\"><br></p><p class=\"ql-align-justify\">Ông ly hôn người vợ đầu năm 1931. Ngày 5 tháng 11 năm 1944, tại Tulsa, Oklahoma, ông cưới Dorothy Price Vanderpool, người cũng đã một lần ly dị. Vanderpool có hai con gái; Rosemary, từ cuộc hôn nhân đầu tiên, và Donna Dale từ cuộc hôn nhân với Dale Carnegie.</p><p class=\"ql-align-justify\"><br></p><p class=\"ql-align-justify\">Tiểu sử chính thức do Dale Carnegie &amp; Associates, Inc. nói rằng ông mất vì bệnh Hodgkin ngày 1 tháng 11 năm 1955. Có lời đồn đại từ lâu rằng Dale Carnegie đã tự tử. Nhiều người cho rằng lời đồn này xuất phát từ Irving Tressler, tác giả cuốn, \"How to Lose Friends and Alienate People\", một cuốn sách nhại không được phép cuốn sách kinh điển của Dale Carnegie. Ông mất tại Forest Hills, New York, và được hỏa thiêu tại nghĩa trang Belton, Cass County, Missouri.</p><p class=\"ql-align-justify\">Giá sản phẩm trên Tiki đã bao gồm thuế theo luật hiện hành. Bên cạnh đó, tuỳ vào loại sản phẩm, hình thức và địa chỉ giao hàng mà có thể phát sinh thêm chi phí khác như phí vận chuyển, phụ phí hàng cồng kềnh, thuế nhập khẩu (đối với đơn hàng giao từ nước ngoài có giá trị trên 1 triệu đồng).....</p><p class=\"ql-align-justify\"><br></p><p><br></p>',320,1,59,60,27,NULL,7,0,'2022-12-11 08:28:19.066032','2022-12-11 01:28:19.542736'),(66,'Không Ai Qua Sông','khong-ai-qua-song','<h2 class=\"ql-align-center\">Không Ai Qua Sông</h2><p class=\"ql-align-center\"><br></p><p class=\"ql-align-justify\">Không ai qua sông&nbsp;- Tập truyện ngắn mới nhất của Nguyễn Ngọc Tư gợi bạn đọc nhớ đến đến truyện dài Cánh đồng bất tận đã từng gây xôn xao trên văn đàn một thời gian dài. Cũng lấy cảm hứng từ cuộc sống của người dân nông thôn miền Tây, nhưng giờ đây nhân vật của NNT có cái trăn trở của một vùng đất đã dần bị đô thị hóa, con người phải thích ứng với những thứ nhân danh cuộc sống hiện đại nhưng có thể phá nát những rường mối gia đình.</p><p class=\"ql-align-justify\"><br></p><p class=\"ql-align-justify\">Đặc biệt, truyện vừa Đất dữ dội và khốc liệt, ngồn ngộn hiện thực cuộc sống, có mất mát, có phản bội, có đắng cay…</p><p class=\"ql-align-justify\"><br></p><p><br></p>',160,0,66,62,28,NULL,10,0,'2022-12-11 08:28:19.066032','2022-12-11 01:28:19.542736'),(67,'Ông Cản Ngũ','ong-can-ngu','<h2 class=\"ql-align-center\">Ông Cản Ngũ</h2><p class=\"ql-align-center\"><br></p><p><span style=\"background-color: rgb(248, 249, 250); color: rgb(33, 37, 41);\">Hội vật đền Đô năm ấy vào đám rất to. Thật ra hội vật đền Đô năm nào cũng vào đảm to, nhiều đô anh tải, lão luyện khắp mấy vùng phủ huyện trong tỉnh kéo về thi đấu.</span></p><p><br></p><p><span style=\"background-color: rgb(248, 249, 250); color: rgb(33, 37, 41);\">Không biết có phải vì thế mà đền Lý Bát Đế, đền thờ tám ông vua triều Lý, lại gọi là đến Đô? Đền của các ông đô vật, hằng năm tranh tài, đọ sức ? Hay vì trong. đền có lượng hai ông đỏ vật mình trần, đóng khố, sơn son thếp vàng, to cao lừng lững gấp ba bốn người thường khoanh tay đứng chầu hai bên hương án nhà tiền tế? Đấy là hai ông tướng Đá Rãi triều Lý. Hai ông đô vật. kỷ tài, thuộc hàng đồ ngụ, đồ hiệu, đỏ tàn đô tản của nhà vua. Hai ông tướng đã từng lập được nhiều công to trong những trận đánh Tống, dẹp Chiêm Thành thuở trước.</span></p><p><br></p><p><span style=\"background-color: rgb(248, 249, 250); color: rgb(33, 37, 41);\">Năm ấy hội vật đền Đô vào đám to, tiếng đồn bay dậy khắp mọi miền xứ Bắc, chính vì có tin ông Cản Ngũ về phá giải. Các sân vật, các tay đô vật, những người ham thích xem vật, dần dầu cũng nghe bàn bạc, sôi nổi về ông Cản Ngũ.</span></p><p><span style=\"background-color: rgb(248, 249, 250); color: rgb(33, 37, 41);\">...</span></p>',30,0,65,64,29,NULL,10,0,'2022-12-11 08:28:19.066032','2022-12-11 01:28:19.542736'),(68,'Javascript: The Definition Guide','javascript-the-definition-guide','',1098,0,67,NULL,30,NULL,13,0,'2022-12-11 09:36:59.502584','2022-12-11 02:36:59.502584'),(69,'Fullstack React','fullstack-react','<h2 class=\"ql-align-center\">Fullstack React</h2><p class=\"ql-align-center\"><br></p><p><span style=\"background-color: rgb(248, 249, 250); color: rgb(33, 37, 41);\">Web development is often seen as a crazy world where the way you develop software is by throwing hacks on top of hacks. I believe that React breaks from this pattern and instead has been designed from first principle which gives you a solid foundation to build on.</span></p><p><br></p><p><span style=\"background-color: rgb(248, 249, 250); color: rgb(33, 37, 41);\">A major source of bugs for front-end applications was around synchronizing the data model with the DOM. It is very hard to make sure that whenever data changes, everything in the UI is updated with it.</span></p><p><br></p><p><span style=\"background-color: rgb(248, 249, 250); color: rgb(33, 37, 41);\">React’s first innovation was to introduce a pure- JavaScript representation of the DOM and implement diffing in userland and then use events which send simple commands: create, update, delete.</span></p><p><br></p><p><span style=\"background-color: rgb(248, 249, 250); color: rgb(33, 37, 41);\">With React, by conceptually re-rendering everything whenever anything changes, not only do you have code that is safe by default, it is also less work as you only need to write the creation path: updates are taken care of for you.</span></p><p><span style=\"background-color: rgb(248, 249, 250); color: rgb(33, 37, 41);\">Browsers have, for a long time, been incompatible in various ways due to the large API surface area of what they have to support to make the DOM work. </span></p><p><br></p><p><span style=\"background-color: rgb(248, 249, 250); color: rgb(33, 37, 41);\">Not only does React provide a great way to solve browser differences, but it enables use cases that were never before possible for a front-end library, such as server-side rendering and the ability to implement rendering targets like native iOS, Android, and even hardware components.</span></p><p><br></p><p><span style=\"background-color: rgb(248, 249, 250); color: rgb(33, 37, 41);\">But the most important thing about React and the main reason why you should read this book: not only will you use it to make great applications for your users, it will also make you a better developer. Libraries come and go all the time and React is likely going to be no exception. What makes it special is that it teaches you concepts that can be reused throughout your entire career.</span></p><p><br></p><p><span style=\"background-color: rgb(248, 249, 250); color: rgb(33, 37, 41);\">You will become better at JavaScript because React doesn’t come with a templating system. Instead, React pushes you to use the full power of JavaScript to build your user interface.</span></p><p><br></p><p><span style=\"background-color: rgb(248, 249, 250); color: rgb(33, 37, 41);\">You are going to practice using parts of functional programming with map and filter and also encouraged to use the latest features of JavaScript (including ES6). By not abstracting away data management, React will force you to think about how to architect your app and encourage you to consider concepts like immutability.</span></p>',825,0,68,NULL,31,NULL,13,0,'2022-12-11 09:41:15.599180','2022-12-11 02:41:15.599180'),(70,'Người Đàn Ông Đánh Bại Mọi Thị Trường','nguoi-dan-ong-danh-bai-moi-thi-truong','<p class=\"ql-align-justify\"><img src=\"https://vcdn.tikicdn.com/ts/tmp/21/cd/3a/6b13e5a98355adb98c5e241dad12f6b2.png\"></p><p class=\"ql-align-justify\"><br></p><p class=\"ql-align-justify\"><img src=\"https://vcdn.tikicdn.com/ts/tmp/d8/f1/10/90b7d159c6883d16d9d0e9b5052a4346.png\"></p><p class=\"ql-align-justify\">\"Edward Thorp, Người Đàn Ông Đánh Bại Mọi Thị Trường: từ sòng bạc Las Vegas tới phố Wall, a man for all markets: from las vegas to wall street</p><p class=\"ql-align-justify\">Trong lịch sử chỉ có duy nhất một người khiến cho các tay chủ sòng bạc ở Las Vegas cũng như các nhà quản lý quỹ ở Wall Street đều phải kính nể – đó chính là giáo sư Edward Thorp!</p><p class=\"ql-align-justify\">&nbsp;</p><p class=\"ql-align-justify\">Một người vừa là giáo sư toán học, vừa là tay cờ bạc hàng đầu và cũng là nhà đầu tư huyền thoại có lẽ chỉ có thể tồn tại trong các tiểu thuyết. Tuy nhiên, điều khó tin này vẫn xảy ra trong thực tế!</p><p class=\"ql-align-justify\">&nbsp;</p><p class=\"ql-align-justify\">Khi đang là nghiên cứu sinh Tiến sĩ tại Đại học California, Edward Thorp đã phát minh ra phương pháp đếm bài giúp cho những người chơi bình thường có thể đánh bại nhà cái trong trò chơi Blackjack, Roulette, Baccarat. Được truyền cảm hứng bởi Thorp, hàng ngàn người chơi trên khắp nước Mỹ đã gia nhập “đội quân” đếm bài nhằm đánh bại nhà cái. Nghiệp đoàn Casino ở Mỹ đã phải nghiên cứu “nát óc” để ngăn cản không cho ông và “đội quân của mình” chơi bài. Họ làm mọi cách để ngăn cản thậm chí là thay đổi cả luật chơi theo hướng có lợi cho nhà cái và gây khó dễ cho những người chơi và chính Thorp cũng bị cấm cửa tại tất cả các sòng bài nước Mỹ. Nhưng dù sao chăng nữa, với phát hiện của Edward Thorp, ngành casino cũng đã thay đổi mãi mãi.</p><p class=\"ql-align-justify\">&nbsp;</p><p class=\"ql-align-justify\">Vào năm 1967, Edward Thorp quyết định chuyển toàn bộ sự tập trung sang “sòng bài lớn nhất trên thế giới”: Phố Wall. Tại đây, Thorp đã có những phát kiến trên cơ sở vận dụng kiến thức về xác suất học thống kê trong toán học và thực hiện những phát triển của mình để đánh bại thị trường. Chính ông đã mở ra một kỷ nguyên của các quỹ đầu tư định lượng như chúng ta đã thấy ngày nay. Ông được mệnh danh là “Bố Già” của phương pháp đầu tư định lượng và là người bạn chơi bài Bridge thân thiết của Warren Buffett.</p><p class=\"ql-align-justify\">&nbsp;</p><p class=\"ql-align-justify\">Trong cuốn “Người Đàn Ông Đánh Bại Mọi Thị Trường” (tựa gốc A man for all markets: from Las Vegas to Wall street), lần đầu tiên, quý vị độc giả được nghe Edward Thorp kể về hành trình đi đến đỉnh cao của sự thành công trong sự nghiệp đầu tư của mình. Hành trình được bắt đầu từ những đam mê thời niên thiếu kết hợp với sự tò mò sâu sắc đã dẫn ông tới các công trình nghiên cứu cụ thể, những luận điểm phản biện lại các lý thuyết và các ngộ nhận thông thường trong học thuật. Cuối cùng sao cho hiệu quả là việc ứng dụng những kiến thức này vào thực tiến chơi bài và đầu tư chứng khoán.</p><p class=\"ql-align-justify\">&nbsp;</p><p class=\"ql-align-justify\">Tư duy thông thái, kiến thức lỗi lạc gắn liền với thực tế của Thorp đã được hệ thống và trình bày lại trong sách có thể giúp cho độc giả, những nhà đầu tư trên thị trường tài chính vững vàng đi qua “giông bão” vào những thời khắc khó khăn nhất. Đồng thời, kiến thức này sẽ giúp chúng ta phát hiện ra sự gian lận tiềm ẩn, sự lọc lừa của thị trường tài chính để có thể tránh xa, từ đó bảo vệ thành quả và những đồng “tiền mồ hôi xương máu” của mình.</p><p class=\"ql-align-justify\">&nbsp;</p><p class=\"ql-align-justify\">Chúng tôi, đội ngũ biên tập của Happy Live, xin trân trọng giới thiệu tới độc giả (những nhà đầu tư, những traders chuyên nghiệp, những người yêu thích thử thách bản thân với các trò chơi rủi ro, mạo hiểm) cuốn sách này với mong muốn đóng góp cho sự giàu có và thành công của quý vị. Hi vọng rằng hệ thống kiến thức được tổng hợp trong sách sẽ hữu ích cho độc giả về sự định hướng và thông tuệ trong tư duy gắn liền với các trải nghiệm thực tế từ một nhà đầu tư, đầu cơ vĩ đại nhất trên thế giới để làm kim chỉ nam hướng dẫn cho các hoạt động thị trường hàng ngày của mình.</p><p class=\"ql-align-justify\">&nbsp;</p><p class=\"ql-align-justify\">Một cuốn sách dù dài nhưng sẽ không lãng phí thì giờ một chút nào, vì các bạn sẽ được hướng dẫn hoặc phải tự nghĩ và suy nghĩ rất nhiều về những logic trên một thị trường tài chính nhiều lúc rất phi lý trí.</p><p class=\"ql-align-justify\">&nbsp;</p><p class=\"ql-align-justify\">MỤC LỤC&nbsp;</p><p class=\"ql-align-justify\">&nbsp;</p><p class=\"ql-align-justify\">CHƯƠNG 1. YÊU THÍCH VIỆC HỌC HỎI</p><p class=\"ql-align-justify\">&nbsp;</p><p class=\"ql-align-justify\">CHƯƠNG 2. KHI KHOA HỌC LÀ SÂN CHƠI CỦA TÔI</p><p class=\"ql-align-justify\">&nbsp;</p><p class=\"ql-align-justify\">CHƯƠNG 3. VẬT LÝ VÀ TOÁN HỌC</p><p class=\"ql-align-justify\">&nbsp;</p><p class=\"ql-align-justify\">CHƯƠNG 4. LAS VEGAS</p><p class=\"ql-align-justify\">&nbsp;</p><p class=\"ql-align-justify\">CHƯƠNG 5. CHINH PHỤC BLACKJACK</p><p class=\"ql-align-justify\">&nbsp;</p><p class=\"ql-align-justify\">CHƯƠNG 6. NGÀY LÊN NGÔI CỦA CHÚ CỪU</p><p class=\"ql-align-justify\">&nbsp;</p><p class=\"ql-align-justify\">CHƯƠNG 7. HỆ THỐNG ĐẾM BÀI CHO TẤT CẢ MỌI NGƯỜI</p><p class=\"ql-align-justify\">&nbsp;</p><p class=\"ql-align-justify\">CHƯƠNG 8. CUỘC CHIẾN GIỮA NGƯỜI CHƠI VÀ SÒNG BÀI</p><p class=\"ql-align-justify\">&nbsp;</p><p class=\"ql-align-justify\">CHƯƠNG 9. MÁY TÍNH DỰ ĐOÁN ROULETTE</p><p class=\"ql-align-justify\">&nbsp;</p><p class=\"ql-align-justify\">CHƯƠNG 10. LỢI THẾ TRONG CÁC TRÒ CÁ CƯỢC KHÁC</p><p class=\"ql-align-justify\">&nbsp;</p><p class=\"ql-align-justify\">CHƯƠNG 11. WALL STREET: SÒNG BẠC VĨ ĐẠI NHẤT THẾ GIỚI</p><p class=\"ql-align-justify\">&nbsp;</p><p class=\"ql-align-justify\">CHƯƠNG 12. CHƠI BÀI BRIDGE VỚI BUFFET</p><p class=\"ql-align-justify\">&nbsp;</p><p class=\"ql-align-justify\">CHƯƠNG 13. THÀNH LẬP CÔNG TY HỢP DANH</p><p class=\"ql-align-justify\">&nbsp;</p><p class=\"ql-align-justify\">CHƯƠNG 14. CHẠY TRƯỚC TRONG CUỘC CÁCH MẠNG PHÂN TÍCH ĐỊNH LƯỢNG</p><p class=\"ql-align-justify\">&nbsp;</p><p class=\"ql-align-justify\">CHƯƠNG 15. PHẤT LÊN</p><p class=\"ql-align-justify\">&nbsp;</p><p class=\"ql-align-justify\">CHƯƠNG 16. VÀ RỚT XUỐNG</p><p class=\"ql-align-justify\">&nbsp;</p><p class=\"ql-align-justify\">CHƯƠNG 17. GIAI ĐOẠN ĐIỀU CHỈNH</p><p class=\"ql-align-justify\">&nbsp;</p><p class=\"ql-align-justify\">CHƯƠNG 18. LỪA ĐẢO VÀ SỰ ĐỘC HẠI</p><p class=\"ql-align-justify\">&nbsp;</p><p class=\"ql-align-justify\">CHƯƠNG 19. MUA THẤP, BÁN CAO</p><p class=\"ql-align-justify\">&nbsp;</p><p class=\"ql-align-justify\">CHƯƠNG 20. THU HOẠCH TỪ HOẠT ĐỘNG NGÂN HÀNG</p><p class=\"ql-align-justify\">&nbsp;</p><p class=\"ql-align-justify\">CHƯƠNG 21. RÍT MỘT HƠI CUỐI</p><p class=\"ql-align-justify\">&nbsp;</p><p class=\"ql-align-justify\">CHƯƠNG 22. PHÒNG HỘ CÁC KHOẢN CƯỢC</p><p class=\"ql-align-justify\">&nbsp;</p><p class=\"ql-align-justify\">CHƯƠNG 23. GIÀU BAO NHIÊU MỚI LÀ GIÀU?</p><p class=\"ql-align-justify\">&nbsp;</p><p class=\"ql-align-justify\">CHƯƠNG 24. LÃI KÉP: KỲ QUAN THỨ TÁM CỦA THẾ GIỚI</p><p class=\"ql-align-justify\">&nbsp;</p><p class=\"ql-align-justify\">CHƯƠNG 25. ĐÁNH BẠI HẦU HẾT CÁC NHÀ ĐẦU TƯ BẰNG DANH MỤC GIẢ LẬP CHỈ SỐ</p><p class=\"ql-align-justify\">&nbsp;</p><p class=\"ql-align-justify\">CHƯƠNG 26. BẠN CÓ THỂ ĐÁNH BẠI THỊ TRƯỜNG ĐƯỢC KHÔNG?</p><p class=\"ql-align-justify\">&nbsp;</p><p class=\"ql-align-justify\">CHƯƠNG 27. PHÂN BỔ VÀ QUẢN LÝ TÀI SẢN</p><p class=\"ql-align-justify\">&nbsp;</p><p class=\"ql-align-justify\">CHƯƠNG 28. CHO ĐI</p><p class=\"ql-align-justify\">&nbsp;</p><p class=\"ql-align-justify\">CHƯƠNG 29. CÁC CUỘC KHỦNG HOẢNG TÀI CHÍNH: NHỮNG BÀI HỌC CHƯA THUỘC</p><p class=\"ql-align-justify\">&nbsp;</p><p class=\"ql-align-justify\">CHƯƠNG 30. NHỮNG SUY TƯ\"</p><p class=\"ql-align-justify\">Giá sản phẩm trên Tiki đã bao gồm thuế theo luật hiện hành. Bên cạnh đó, tuỳ vào loại sản phẩm, hình thức và địa chỉ giao hàng mà có thể phát sinh thêm chi phí khác như phí vận chuyển, phụ phí hàng cồng kềnh, thuế nhập khẩu (đối với đơn hàng giao từ nước ngoài có giá trị trên 1 triệu đồng).....</p><p><br></p>',506,0,69,NULL,32,NULL,14,0,'2022-12-11 09:45:30.954932','2022-12-11 02:45:30.954932'),(71,'Fibonacci Trading','fibonacci-trading','<p class=\"ql-align-justify\">Dãy số&nbsp;Fibonacci&nbsp;và các thuộc tính của dãy số này đã trở nên phổ biến bởi nhà toán học người Ý nổi tiếng Leonardo de&nbsp;Pisa. Có khá nhiều trang web nói về dãy số này và các thuộc tính của nó. Chỉ cần nhập từ Fibonacci vào công cụ tìm kiếm yêu thích của bạn và bạn sẽ ngạc nhiên về sự giàu có của thông tin tồn tại về chủ đề này.</p><p class=\"ql-align-justify\"><br></p><p><span style=\"font-size: 14px; color: rgb(36, 36, 36);\"><img src=\"https://salt.tikicdn.com/ts/product/fa/82/32/b3515a11674df2116b773c987676063d.jpg\"></span></p><p><br></p><p><span style=\"font-size: 14px; color: rgb(36, 36, 36);\">Dãy số Fibonacci</span></p><p><br></p><p class=\"ql-align-justify\">Tỉ lệ vàng có thể được tìm thấy ở nhiều nơi khác nhau. Tỉ lệ 1.618 được sử dụng trong kiến trúc với tên gọi “hình chữ&nbsp;nhật vàng”, vì nó được biết đến như là hình làm hài lòng đôi mắt. Thực tế, có những bác sĩ phẫu thuật thẩm mỹ sử dụng&nbsp;các tỉ lệ này để giúp họ điêu khắc khuôn mặt theo tỉ lệ hoàn hảo. Bạn cũng có thể tìm thấy tỉ lệ này trong tự nhiên. Nó có thể được nhìn thấy trong hoa, vỏ ốc anh vũ, vỏ của loài cúc đá ammonite, và nhiều nơi khác.</p><p class=\"ql-align-justify\"><br></p><p class=\"ql-align-justify\">Trong đầu tư,&nbsp;Fibonacci là công cụ thường hay được các nhà đầu tư theo trường phái phân tích kỹ thuật sử dụng. Trong cuốn sách này, cố vấn giao dịch kỹ thuật nổi tiếng Carolyn Boroden sẽ chỉ cho bạn cách&nbsp;sử dụng&nbsp;mô hình Fibonacci như một phương pháp cực kỳ hiệu quả để đạt được lợi nhuận cao hơn trong chứng khoán, hợp đồng tương lai và thị trường Forex.</p><p class=\"ql-align-justify\"><br></p><h2 class=\"ql-align-justify\">HỌC ĐƯỢC GÌ TỪ FIBONACCI TRADING?</h2><p class=\"ql-align-justify\"><br></p><p class=\"ql-align-justify\"><img src=\"https://salt.tikicdn.com/ts/tmp/7e/ef/aa/8daeb253d24e8e09d46ee01d13747ad8.jpg\"></p><p class=\"ql-align-justify\"><br></p><p class=\"ql-align-justify\">Cuốn sách&nbsp;Fibonacci Trading&nbsp;cung cấp một cái nhìn sâu sắc mới về việc xác định mức cao và thấp trong thị trường giao dịch với phương pháp được chứng minh dựa trên mô hình số được gọi là dãy số&nbsp;Fibonacci. Với các bí quyết và công cụ được trang bị đầy đủ bên trong, bạn sẽ học cách tối đa hóa lợi nhuận và hạn chế thua lỗ bằng cách dự đoán sự thay đổi của thị trường dựa trên sự hiểu biết đã được khai sáng về cách các mức Fibonacci xác định xu hướng thị trường.</p><p class=\"ql-align-justify\"><br></p><p class=\"ql-align-justify\">Phương pháp giao dịch sáng tạo này được phát kiến bởi nhà phân tích kỹ thuật tiên phong Carolyn Boroden, cho phép bạn dự đoán trước được điểm đảo chiều, xác định tốt hơn vị trí dừng lỗ và định vị chính xác các mức hỗ trợ và kháng cự quan trọng. Hơn 100 biểu đồ và hình minh họa góp phần làm cho các khái niệm trở nên sống động để tạo thành một công thức quyền năng bao gồm bốn thành phần chính:</p><p class=\"ql-align-justify\">– Phương pháp sử dụng phân tích giá và thời gian Fibonacci để xác định rủi ro và thiết lập giao dịch có xác suất thành công cao nhất</p><p class=\"ql-align-justify\">– Kế hoạch giao dịch – Lên kế hoạch kinh doanh giao dịch vững chắc để xác định thiết lập; điểm vào, điểm ra và quản lý tiền</p><p class=\"ql-align-justify\">– Tâm lý giao dịch tích cực – Hãy đặt mình vào tư duy đúng đắn để thành công, điều này nắm chắc phần thắng đến 85%</p><p class=\"ql-align-justify\">– Kỷ luật – Thực hiện thành công kế hoạch đầu tư của bạn với bí quyết và lời khuyên của chuyên gia.</p><p class=\"ql-align-justify\"><br></p><h2 class=\"ql-align-justify\">Đối tượng phù hợp với cuốn sách “Fibonacci Trading”?</h2><p class=\"ql-align-justify\"><br></p><p class=\"ql-align-justify\">– Những ai muốn tìm hiểu về hệ thống Fibonacci</p><p class=\"ql-align-justify\">–&nbsp;Sách phù hợp cho những người mới cũng như những trader đang đi tìm các phương pháp mới cho chiến lược của mình trong thị trường chứng khoán, forex, hợp đồng tương lai…</p><p class=\"ql-align-justify\">– Các nhà giao dịch, trader đã tham gia thị chứng khoán một thời gian nhưng vẫn đang thua lỗ hoặc muốn cải thiện kết quả đầu tư của mình.</p><p class=\"ql-align-justify\">– Những nhà đầu tư muốn tìm kiếm thêm một công cụ hỗ trợ nhằm cải thiện kết quả đầu tư của mình</p><p class=\"ql-align-justify\"><br></p><h2 class=\"ql-align-justify\">Tác giả&nbsp;Carolyn Boroden là ai?</h2><p class=\"ql-align-justify\"><br></p><p><span style=\"font-size: 14px; color: rgb(36, 36, 36);\"><img src=\"https://salt.tikicdn.com/cache/w750/ts/product/0c/a5/a3/53a3efbaf8ee158b837ffe99a5737cd2.jpg\"></span></p><p><br></p><p><span style=\"font-size: 14px; color: rgb(36, 36, 36);\">Carolyn Boroden</span></p><p class=\"ql-align-justify\"><br></p><p class=\"ql-align-justify\">Carolyn Boroden là cố vấn giao dịch hàng hóa và là nhà phân tích kỹ thuật chuyên về phân tích thời gian và phân tích giá dựa theo Fibonacci. Cô Boroden đã tham gia vào ngành công nghiệp giao dịch từ năm 1978. Kinh nghiệm của cô đó là làm việc tại các Sàn giao dịch lớn, bao gồm: Sàn giao dịch Chicago Mercantile, Ủy ban giao dịch Chicago, NYFE và COMEX.</p><p class=\"ql-align-justify\"><br></p><p class=\"ql-align-justify\">Cô đã trở thành một diễn giả nổi bật về phân tích Fibonacci ở nhiều nơi như Market Technicians Association (Hiệp hội các nhà phân tích Kỹ thuật Thị trường), the Online Trading Expo (Triển lãm Giao dịch Trực tuyến), TradingMarket và Tập đoàn Đầu tư Cornerstone.</p><p class=\"ql-align-justify\"><br></p><p class=\"ql-align-justify\">Cô Boroden hiện đang điều hành một dịch vụ tư vấn giao dịch trong ngày/phòng trò chuyện, bao gồm các cập nhật video cuối ngày tập trung vào các hợp đồng tương lai chỉ số Cổ phiếu.&nbsp;</p><p class=\"ql-align-justify\"><br></p><p class=\"ql-align-justify\">Giá sản phẩm trên Tiki đã bao gồm thuế theo luật hiện hành. Bên cạnh đó, tuỳ vào loại sản phẩm, hình thức và địa chỉ giao hàng mà có thể phát sinh thêm chi phí khác như phí vận chuyển, phụ phí hàng cồng kềnh, thuế nhập khẩu (đối với đơn hàng giao từ nước ngoài có giá trị trên 1 triệu đồng).....</p><p><br></p>',300,0,70,NULL,33,NULL,14,0,'2022-12-11 09:48:05.237029','2022-12-11 02:48:05.237029'),(72,'Tâm lý học về tiền','tam-ly-hoc-ve-tien','<p class=\"ql-align-justify\">Tiền bạc có ở khắp mọi nơi, nó ảnh hưởng đến tất cả chúng ta, và khiến phần lớn chúng ta bối rối. Mọi người nghĩ về nó theo những cách hơi khác nhau một chút. Nó mang lại những bài học có thể được áp dụng tới rất nhiều lĩnh vực trong cuộc sống, như rủi ro, sự tự tin, và hạnh phúc. Rất ít chủ đề cung cấp một lăng kính phóng to đầy quyền lực giúp giải thích vì sao mọi người lại hành xử theo cách họ làm hơn là về tiền bạc. Đó mới là một trong những chương trình hoành tráng nhất trên thế giới.</p><p class=\"ql-align-justify\"><br></p><p class=\"ql-align-justify\">Chúng ta hiếm khi lâm vào hoàn cảnh nợ ngập đầu ư? Biết tiết kiệm để dành cho lúc khốn khó hơn ư? Chuẩn bị sẵn sàng cho việc nghỉ hưu? Có những cái nhìn thiết thực về mối quan hệ giữa tiền và hạnh phúc của chúng ta hơn phải không?</p><p class=\"ql-align-justify\"><br></p><p class=\"ql-align-justify\">Chúng ta đều làm những điều điên rồ với tiền bạc, bởi vì chúng ta đều còn khá mới mẻ với trò chơi này và điều có vẻ điên rồ với bạn lại có khi hợp lý với tôi. Nhưng không ai là điên rồ cả – chúng ta đều đưa ra các quyết định dựa trên những trải nghiệm độc đáo riêng có mang vẻ hợp lý với mình ở bất cứ thời điểm nào.</p><p class=\"ql-align-justify\"><br></p><p class=\"ql-align-justify\">Mục đích của cuốn sách này là sử dụng những câu chuyện ngắn để thuyết phục bạn rằng những kỹ năng mềm còn quan trọng hơn khía cạnh lý thuyết của đồng tiền. Thông qua một tập hợp những thử nghiệm và sai lầm của nhiều năm chúng ta đã học được cách trở thành những nông dân giỏi giang hơn, những thợ sửa ống nước nhiều kỹ năng hơn, và những nhà hóa học tiên tiến hơn. Nhưng liệu việc thử nghiệm và sai lầm có dạy chúng ta trở nên giỏi hơn trong cách quản lý tài chính cá nhân của chính mình không?</p><p class=\"ql-align-justify\"><br></p><p class=\"ql-align-justify\">Nhiều tiền không liên quan nhiều đến việc bạn thông minh như thế nào mà lại liên quan lớn đến cách bạn hành xử. Và cách hành xử thì rất khó để uốn nắn, ngay cả đối với những người thực sự thông minh.</p><p class=\"ql-align-justify\">Một thiên tài không kiểm soát được cảm xúc của anh ta có thể dẫn tới một thảm họa tài chính. Điều ngược lại cũng đúng. Những người bình thường không có kiến thức về tài chính có thể trở nên giàu có nếu họ nắm trong tay những kỹ năng hành xử không liên quan đến những thước đo chính thống về trí thông minh.</p><p class=\"ql-align-justify\"><br></p><p class=\"ql-align-justify\">Sự thành công trong tài chính không phải là một lĩnh vực khoa học khó nhằn. Nó là một kỹ năng mềm, nơi mà cách bạn hành xử quan trọng hơn điều mà bạn biết. Trong “Tâm lý học về tiền”, tác giả từng đoạt giải thưởng Morgan Housel chia sẻ 19 câu chuyện ngắn khám phá những cách kỳ lạ mà mọi người nghĩ về tiền bạc và dạy bạn cách hiểu rõ hơn về một trong những chủ đề quan trọng nhất của cuộc sống.</p><p class=\"ql-align-justify\"><br></p>',125,0,71,NULL,34,NULL,14,0,'2022-12-11 09:51:37.131800','2022-12-11 02:51:37.131800'),(73,'Châu Á Vận Hành Như Thế Nào?','chau-a-van-hanh-nhu-the-nao','<p><span style=\"font-size: 14px; color: rgb(36, 36, 36);\">Điều thú vị là cuốn sách này không bàn nhiều đến Việt Nam và đây chính là điều làm chúng ta phải suy nghĩ. Có thể thấy rõ bóng dáng của chúng ta in đậm trong nhóm các nước Đông Nam Á. Trong khi, có những vấn đề Việt Nam giống Trung Quốc và có mặt lại giống nhóm nước chậm phát triển. Dẫu sao thì những ý tưởng đề xuất trong cuốn sách này chính là những gì những người lãnh đạo và nhân dân Việt Nam đang bàn đến và muốn tìm câu trả lời.</span></p>',541,0,72,NULL,35,NULL,14,0,'2022-12-11 09:54:53.786646','2022-12-11 02:54:53.786646'),(74,'DORAEMON TRUYỆN NGẮN - TẬP 53','doraemon-truyen-ngan-tap-53','',200,0,NULL,NULL,1,NULL,NULL,0,'2023-04-02 14:45:40.558800','2023-04-02 07:45:40.558800'),(75,'Book Demo','book-demo','<p>Book Demo Content</p>',100,1,75,76,3,1,1,0,'2023-04-02 14:53:39.286608','2023-04-02 07:53:39.286608'),(76,'Book Demo','book-demo','<p>Book Demo Content</p>',100,1,75,76,3,1,1,0,'2023-04-02 14:53:50.819641','2023-04-02 07:53:50.819641'),(77,'Book Demo 1','book-demo-1','<p>Book Demo 1</p>',100,1,77,78,3,1,3,0,'2023-04-02 14:57:03.078100','2023-04-02 07:57:03.078100'),(78,'Book Demo 2','book-demo-2','<p>Book Demo 2</p>',100,1,79,80,6,1,2,0,'2023-04-02 14:59:36.910746','2023-04-02 07:59:36.910746');
/*!40000 ALTER TABLE `books` ENABLE KEYS */;
UNLOCK TABLES;

--
-- Table structure for table `categories`
--

DROP TABLE IF EXISTS `categories`;
/*!40101 SET @saved_cs_client     = @@character_set_client */;
/*!50503 SET character_set_client = utf8mb4 */;
CREATE TABLE `categories` (
  `id` int NOT NULL AUTO_INCREMENT,
  `name` varchar(255) NOT NULL,
  `slug` varchar(255) DEFAULT NULL,
  `created_at` datetime(6) NOT NULL DEFAULT CURRENT_TIMESTAMP(6),
  `updated_at` timestamp(6) NOT NULL DEFAULT CURRENT_TIMESTAMP(6) ON UPDATE CURRENT_TIMESTAMP(6),
  PRIMARY KEY (`id`)
) ENGINE=InnoDB AUTO_INCREMENT=15 DEFAULT CHARSET=utf8mb4 COLLATE=utf8mb4_0900_ai_ci;
/*!40101 SET character_set_client = @saved_cs_client */;

--
-- Dumping data for table `categories`
--

LOCK TABLES `categories` WRITE;
/*!40000 ALTER TABLE `categories` DISABLE KEYS */;
INSERT INTO `categories` VALUES (1,'Sach','sach','2022-12-01 21:57:43.588279','2022-12-01 14:57:43.588279'),(2,'Kỹ năng','ky-nang','2022-12-09 13:25:48.355856','2022-12-09 06:25:48.355856'),(3,'Văn học','van-hoc','2022-12-09 13:25:48.571344','2022-12-09 06:25:48.571344'),(4,'Khởi nghiệp','khoi-nghiep','2022-12-09 13:25:48.571894','2022-12-09 06:25:48.571894'),(5,'Kiếm hiệp','kiem-hiep','2022-12-09 13:25:48.592278','2022-12-09 06:25:48.592278'),(6,'Chăm sóc sức khỏe','cham-soc-suc-khoe','2022-12-09 13:25:48.614079','2022-12-09 06:25:48.614079'),(7,'Kỹ năng sống','ky-nang-song','2022-12-09 13:33:13.495662','2022-12-09 06:33:13.495662'),(8,'Kinh tế','kinh-te','2022-12-09 13:37:07.545435','2022-12-09 06:37:07.545435'),(9,'Lịch sử','lich-su','2022-12-09 15:37:27.320288','2022-12-09 08:37:27.320288'),(10,'Văn học Việt Nam','van-hoc-viet-nam','2022-12-10 21:41:04.390412','2022-12-10 14:41:04.390412'),(11,'Y học - Sức khỏe','y-hoc-suc-khoe','2022-12-10 22:14:21.464075','2022-12-10 15:14:21.464075'),(12,'Tiểu thuyết','tieu-thuyet','2022-12-10 22:23:42.593703','2022-12-10 15:23:42.593703'),(13,'Công nghệ thông tin','cong-nghe-thong-tin','2022-12-11 09:34:43.146068','2022-12-11 02:34:43.146068'),(14,'Tài chính - Chứng khoán','tai-chinh-chung-khoan','2022-12-11 09:43:09.974739','2022-12-11 02:43:09.974739');
/*!40000 ALTER TABLE `categories` ENABLE KEYS */;
UNLOCK TABLES;

--
-- Table structure for table `follow_user`
--

DROP TABLE IF EXISTS `follow_user`;
/*!40101 SET @saved_cs_client     = @@character_set_client */;
/*!50503 SET character_set_client = utf8mb4 */;
CREATE TABLE `follow_user` (
  `id` int NOT NULL AUTO_INCREMENT,
  `followerId` int DEFAULT NULL,
  `followingId` int DEFAULT NULL,
  PRIMARY KEY (`id`),
  KEY `FK_c8d42533ba949f6f8c08066ddac` (`followerId`),
  KEY `FK_ea4161ba6436441942a979c4c7c` (`followingId`),
  CONSTRAINT `FK_c8d42533ba949f6f8c08066ddac` FOREIGN KEY (`followerId`) REFERENCES `users` (`id`),
  CONSTRAINT `FK_ea4161ba6436441942a979c4c7c` FOREIGN KEY (`followingId`) REFERENCES `users` (`id`)
) ENGINE=InnoDB AUTO_INCREMENT=5 DEFAULT CHARSET=utf8mb4 COLLATE=utf8mb4_0900_ai_ci;
/*!40101 SET character_set_client = @saved_cs_client */;

--
-- Dumping data for table `follow_user`
--

LOCK TABLES `follow_user` WRITE;
/*!40000 ALTER TABLE `follow_user` DISABLE KEYS */;
INSERT INTO `follow_user` VALUES (1,2,1),(2,1,2),(3,2,3),(4,3,2);
/*!40000 ALTER TABLE `follow_user` ENABLE KEYS */;
UNLOCK TABLES;

--
-- Table structure for table `local_file`
--

DROP TABLE IF EXISTS `local_file`;
/*!40101 SET @saved_cs_client     = @@character_set_client */;
/*!50503 SET character_set_client = utf8mb4 */;
CREATE TABLE `local_file` (
  `id` int NOT NULL AUTO_INCREMENT,
  `filename` varchar(255) DEFAULT NULL,
  `path` varchar(255) DEFAULT NULL,
  `mimetype` varchar(255) DEFAULT NULL,
  PRIMARY KEY (`id`)
) ENGINE=InnoDB AUTO_INCREMENT=81 DEFAULT CHARSET=utf8mb4 COLLATE=utf8mb4_0900_ai_ci;
/*!40101 SET character_set_client = @saved_cs_client */;

--
-- Dumping data for table `local_file`
--

LOCK TABLES `local_file` WRITE;
/*!40000 ALTER TABLE `local_file` DISABLE KEYS */;
INSERT INTO `local_file` VALUES (6,'1669908870029-170031181.19605997-.jpg','uploadedFiles\\images\\1669908870029-170031181.19605997-.jpg','image/jpeg'),(7,'1669909054331-101269422.34199609-.jpg','uploadedFiles\\images\\1669909054331-101269422.34199609-.jpg','image/jpeg'),(8,'1669909243135-747882312.6853983-.jpg','uploadedFiles\\images\\1669909243135-747882312.6853983-.jpg','image/jpeg'),(9,'cat.jpg','uploadedFiles\\avatars\\1670133962160-240517117.04212385-.jpg','image/jpeg'),(10,'cat.jpg','uploadedFiles\\avatars\\1670150948887-970831090.9399948-.jpg','image/jpeg'),(11,'1670151523904-595716710.7111732-.png','uploadedFiles\\avatars\\1670151523904-595716710.7111732-.png','image/png'),(12,'1670151572408-938879627.478762-.png','uploadedFiles\\avatars\\1670151572408-938879627.478762-.png','image/png'),(13,'1670153722689-351298203.7597012-.png','uploadedFiles\\avatars\\1670153722689-351298203.7597012-.png','image/png'),(14,'1670154378180-735711116.0557135-.png','uploadedFiles\\avatars\\1670154378180-735711116.0557135-.png','image/png'),(16,'1670422391223-560024438.9156476-.pdf','uploadedFiles\\pdfs\\1670422391223-560024438.9156476-.pdf','application/pdf'),(17,'1670430286287-123802250.7726817-.pdf','uploadedFiles\\pdfs\\1670430286287-123802250.7726817-.pdf','application/pdf'),(18,'1670568096048-167354669.4880952-.jpg','uploadedFiles\\images\\1670568096048-167354669.4880952-.jpg','image/jpeg'),(19,'1670568132536-278809524.1709865-.pdf','uploadedFiles\\pdfs\\1670568132536-278809524.1709865-.pdf','application/pdf'),(20,'1670569746448-498367095.529354-.jpg','uploadedFiles\\images\\1670569746448-498367095.529354-.jpg','image/jpeg'),(21,'1670569988434-47132566.790708095-.jpg','uploadedFiles\\images\\1670569988434-47132566.790708095-.jpg','image/jpeg'),(22,'1670570023350-716065856.0827881-.pdf','uploadedFiles\\pdfs\\1670570023350-716065856.0827881-.pdf','application/pdf'),(23,'1670571955384-289398438.2202457-.jpg','uploadedFiles\\images\\1670571955384-289398438.2202457-.jpg','image/jpeg'),(24,'1670571971046-96704214.72708535-.pdf','uploadedFiles\\pdfs\\1670571971046-96704214.72708535-.pdf','application/pdf'),(25,'1670574557716-186403850.35003403-.jpg','uploadedFiles\\images\\1670574557716-186403850.35003403-.jpg','image/jpeg'),(26,'1670574611618-554059680.7444221-.pdf','uploadedFiles\\pdfs\\1670574611618-554059680.7444221-.pdf','application/pdf'),(27,'1670575404207-708359116.74689-.jpg','uploadedFiles\\images\\1670575404207-708359116.74689-.jpg','image/jpeg'),(28,'1670575415289-722531688.7942703-.pdf','uploadedFiles\\pdfs\\1670575415289-722531688.7942703-.pdf','application/pdf'),(29,'1670575756081-912315117.278346-.jpg','uploadedFiles\\images\\1670575756081-912315117.278346-.jpg','image/jpeg'),(30,'1670575774305-945059612.6660587-.pdf','uploadedFiles\\pdfs\\1670575774305-945059612.6660587-.pdf','application/pdf'),(31,'1670576719273-401360570.8560879-.jpg','uploadedFiles\\images\\1670576719273-401360570.8560879-.jpg','image/jpeg'),(32,'1670576909072-76463999.58243677-.jpg','uploadedFiles\\images\\1670576909072-76463999.58243677-.jpg','image/jpeg'),(33,'1670577326918-983359045.6144383-.jpg','uploadedFiles\\images\\1670577326918-983359045.6144383-.jpg','image/jpeg'),(34,'1670577449367-321013418.0332409-.jpg','uploadedFiles\\images\\1670577449367-321013418.0332409-.jpg','image/jpeg'),(35,'1670659943922-938342646.1388855-.pdf','uploadedFiles\\pdfs\\1670659943922-938342646.1388855-.pdf','application/pdf'),(36,'1670663456830-315869926.88605744-.pdf','uploadedFiles\\pdfs\\1670663456830-315869926.88605744-.pdf','application/pdf'),(37,'1670665053763-18440680.729721937-.pdf','uploadedFiles\\pdfs\\1670665053763-18440680.729721937-.pdf','application/pdf'),(38,'1670680279442-607396902.4701058-.png','uploadedFiles\\images\\1670680279442-607396902.4701058-.png','image/png'),(39,'1670680570376-525617039.4751771-.jpg','uploadedFiles\\images\\1670680570376-525617039.4751771-.jpg','image/jpeg'),(40,'1670680725830-997999058.3603388-.jpg','uploadedFiles\\images\\1670680725830-997999058.3603388-.jpg','image/jpeg'),(41,'1670680998004-830459675.4809861-.jpg','uploadedFiles\\images\\1670680998004-830459675.4809861-.jpg','image/jpeg'),(42,'1670681128301-698605608.7518506-.jpg','uploadedFiles\\images\\1670681128301-698605608.7518506-.jpg','image/jpeg'),(43,'1670681322837-995173406.1129138-.jpg','uploadedFiles\\images\\1670681322837-995173406.1129138-.jpg','image/jpeg'),(44,'1670681545713-391566533.6715817-.jpg','uploadedFiles\\images\\1670681545713-391566533.6715817-.jpg','image/jpeg'),(45,'1670681779901-170021139.77076316-.jpg','uploadedFiles\\images\\1670681779901-170021139.77076316-.jpg','image/jpeg'),(46,'1670682045376-76953930.79542856-.jpg','uploadedFiles\\images\\1670682045376-76953930.79542856-.jpg','image/jpeg'),(47,'1670682193282-818374742.6171242-.jpg','uploadedFiles\\images\\1670682193282-818374742.6171242-.jpg','image/jpeg'),(48,'1670682313263-93866330.66924287-.jpg','uploadedFiles\\images\\1670682313263-93866330.66924287-.jpg','image/jpeg'),(49,'1670683070985-870193611.4884498-.jpg','uploadedFiles\\images\\1670683070985-870193611.4884498-.jpg','image/jpeg'),(50,'1670683310507-723192870.5620319-.jpg','uploadedFiles\\images\\1670683310507-723192870.5620319-.jpg','image/jpeg'),(51,'1670683441554-569157715.1051979-.jpg','uploadedFiles\\images\\1670683441554-569157715.1051979-.jpg','image/jpeg'),(52,'1670683708125-461233421.46901613-.jpg','uploadedFiles\\images\\1670683708125-461233421.46901613-.jpg','image/jpeg'),(53,'1670683832634-509167480.2816493-.jpg','uploadedFiles\\images\\1670683832634-509167480.2816493-.jpg','image/jpeg'),(54,'1670685949633-729764378.9097841-.jpg','uploadedFiles\\images\\1670685949633-729764378.9097841-.jpg','image/jpeg'),(55,'1670686060186-553935850.635265-.jpg','uploadedFiles\\images\\1670686060186-553935850.635265-.jpg','image/jpeg'),(56,'1670686128984-494015608.6390657-.jpg','uploadedFiles\\images\\1670686128984-494015608.6390657-.jpg','image/jpeg'),(57,'1670686206481-625041523.8240706-.jpg','uploadedFiles\\images\\1670686206481-625041523.8240706-.jpg','image/jpeg'),(58,'1670686384706-31674127.29603236-.jpg','uploadedFiles\\images\\1670686384706-31674127.29603236-.jpg','image/jpeg'),(59,'1670688514301-235813090.70704147-.jpg','uploadedFiles\\images\\1670688514301-235813090.70704147-.jpg','image/jpeg'),(60,'1670688623813-966282458.5605503-.pdf','uploadedFiles\\pdfs\\1670688623813-966282458.5605503-.pdf','application/pdf'),(61,'1670690002372-215433238.14457628-.jpg','uploadedFiles\\images\\1670690002372-215433238.14457628-.jpg','image/jpeg'),(62,'1670690064425-893129008.2920356-.pdf','uploadedFiles\\pdfs\\1670690064425-893129008.2920356-.pdf','application/pdf'),(63,'1670690460902-78085154.52724251-.jpg','uploadedFiles\\images\\1670690460902-78085154.52724251-.jpg','image/jpeg'),(64,'1670690468018-247281406.11267647-.pdf','uploadedFiles\\pdfs\\1670690468018-247281406.11267647-.pdf','application/pdf'),(65,'1670691187014-726924202.6790012-.webp','uploadedFiles\\webps\\1670691187014-726924202.6790012-.webp','image/webp'),(66,'1670691271537-279455121.61696494-.webp','uploadedFiles\\webps\\1670691271537-279455121.61696494-.webp','image/webp'),(67,'1670726202517-895947863.335978-.webp','uploadedFiles\\images\\1670726202517-895947863.335978-.webp','image/webp'),(68,'1670726325044-633783528.5466859-.webp','uploadedFiles\\images\\1670726325044-633783528.5466859-.webp','image/webp'),(69,'1670726725482-41545427.2914455-.webp','uploadedFiles\\images\\1670726725482-41545427.2914455-.webp','image/webp'),(70,'1670726794922-370364661.46941006-.webp','uploadedFiles\\images\\1670726794922-370364661.46941006-.webp','image/webp'),(71,'1670727095291-799143027.9326323-.webp','uploadedFiles\\images\\1670727095291-799143027.9326323-.webp','image/webp'),(72,'1670727291851-994365981.2162839-.webp','uploadedFiles\\images\\1670727291851-994365981.2162839-.webp','image/webp'),(73,'1680420582476-662628522.1134735-.jpg','uploadedFiles\\images\\1680420582476-662628522.1134735-.jpg','image/jpeg'),(74,'1680420636439-626871584.8537694-.pdf','uploadedFiles\\pdfs\\1680420636439-626871584.8537694-.pdf','application/pdf'),(75,'1680421995046-470896899.2707352-.jpg','uploadedFiles\\images\\1680421995046-470896899.2707352-.jpg','image/jpeg'),(76,'1680421997279-195998803.0010076-.pdf','uploadedFiles\\pdfs\\1680421997279-195998803.0010076-.pdf','application/pdf'),(77,'1680422210760-501171444.97318435-.jpg','uploadedFiles\\images\\1680422210760-501171444.97318435-.jpg','image/jpeg'),(78,'1680422214464-337150799.1976517-.pdf','uploadedFiles\\pdfs\\1680422214464-337150799.1976517-.pdf','application/pdf'),(79,'1680422367650-762909064.6754504-.jpg','uploadedFiles\\images\\1680422367650-762909064.6754504-.jpg','image/jpeg'),(80,'1680422369926-466817246.05263186-.pdf','uploadedFiles\\pdfs\\1680422369926-466817246.05263186-.pdf','application/pdf');
/*!40000 ALTER TABLE `local_file` ENABLE KEYS */;
UNLOCK TABLES;

--
-- Table structure for table `plans`
--

DROP TABLE IF EXISTS `plans`;
/*!40101 SET @saved_cs_client     = @@character_set_client */;
/*!50503 SET character_set_client = utf8mb4 */;
CREATE TABLE `plans` (
  `id` int NOT NULL AUTO_INCREMENT,
  `name` varchar(255) NOT NULL,
  `price` int NOT NULL,
  `stripePriceId` varchar(255) NOT NULL,
  `currency` varchar(255) NOT NULL,
  `created_at` timestamp(6) NOT NULL DEFAULT CURRENT_TIMESTAMP(6),
  `updated_at` timestamp(6) NOT NULL DEFAULT CURRENT_TIMESTAMP(6) ON UPDATE CURRENT_TIMESTAMP(6),
  PRIMARY KEY (`id`)
) ENGINE=InnoDB AUTO_INCREMENT=2 DEFAULT CHARSET=utf8mb4 COLLATE=utf8mb4_0900_ai_ci;
/*!40101 SET character_set_client = @saved_cs_client */;

--
-- Dumping data for table `plans`
--

LOCK TABLES `plans` WRITE;
/*!40000 ALTER TABLE `plans` DISABLE KEYS */;
INSERT INTO `plans` VALUES (1,'BASIC',13,'price_1M6QmnAOwQFyvQrL3BcnQQnc','usd','2022-12-06 07:35:18.948736','2022-12-06 09:20:23.465895');
/*!40000 ALTER TABLE `plans` ENABLE KEYS */;
UNLOCK TABLES;

--
-- Table structure for table `post`
--

DROP TABLE IF EXISTS `post`;
/*!40101 SET @saved_cs_client     = @@character_set_client */;
/*!50503 SET character_set_client = utf8mb4 */;
CREATE TABLE `post` (
  `id` int NOT NULL AUTO_INCREMENT,
  `title` varchar(255) NOT NULL,
  `slug` varchar(255) NOT NULL,
  `coverImg` varchar(255) NOT NULL,
  `published` tinyint NOT NULL DEFAULT '0',
  `content` longtext,
  `published_at` datetime(6) NOT NULL DEFAULT CURRENT_TIMESTAMP(6),
  `created_at` datetime(6) NOT NULL DEFAULT CURRENT_TIMESTAMP(6),
  `updated_at` timestamp(6) NOT NULL DEFAULT CURRENT_TIMESTAMP(6) ON UPDATE CURRENT_TIMESTAMP(6),
  `authorId` int DEFAULT NULL,
  `isDeleted` tinyint DEFAULT '0',
  PRIMARY KEY (`id`),
  KEY `FK_c6fb082a3114f35d0cc27c518e0` (`authorId`),
  CONSTRAINT `FK_c6fb082a3114f35d0cc27c518e0` FOREIGN KEY (`authorId`) REFERENCES `users` (`id`)
) ENGINE=InnoDB AUTO_INCREMENT=27 DEFAULT CHARSET=utf8mb4 COLLATE=utf8mb4_0900_ai_ci;
/*!40101 SET character_set_client = @saved_cs_client */;

--
-- Dumping data for table `post`
--

LOCK TABLES `post` WRITE;
/*!40000 ALTER TABLE `post` DISABLE KEYS */;
INSERT INTO `post` VALUES (1,'Top Trends for Web3 in 2023','top-trends-for-web3-in-2023','https://res.cloudinary.com/phontran/image/upload/v1670002047/qkurbg0ce9k3frixkxxr.jpg',1,'<p><strong style=\"color: rgb(41, 41, 41);\"><em>Let’s talk about the new version of the internet</em></strong></p><p><br></p><p><span style=\"color: rgb(41, 41, 41);\">The term “Web 3.0 or Web3” was coined in 2014 by Ethereum co-founder Gavin Wood, and the idea gained interest in 2021 from cryptocurrency enthusiasts and large tech companies.</span></p><p><br></p><p><span style=\"color: rgb(41, 41, 41);\">Web3 is still evolving and being defined, as such, there is not an established and universally accepted definition. Yet, Packy McCormick, an investor who helped disseminate Web3,&nbsp;</span><a href=\"https://future.a16z.com/why-web3-matters/\" rel=\"noopener noreferrer\" target=\"_blank\" style=\"color: inherit;\">has defined it</a><span style=\"color: rgb(41, 41, 41);\">&nbsp;as “</span><a href=\"https://future.com/why-web3-matters/\" rel=\"noopener noreferrer\" target=\"_blank\" style=\"color: inherit;\">the internet owned by the builders and users, orchestrated with tokens</a><span style=\"color: rgb(41, 41, 41);\">.”</span></p><p><br></p><p><img src=\"https://miro.medium.com/max/675/1*Glb1LOSfisg_HIGnqCOWNw.jpeg\"></p><p>Image Courtesy:&nbsp;<a href=\"https://fintechmagazine.com/crypto/why-are-banks-and-fintechs-entering-the-metaverse\" rel=\"noopener noreferrer\" target=\"_blank\" style=\"color: inherit;\">FintechMagazine</a></p><p><br></p><p><span style=\"color: rgb(41, 41, 41);\">The concept of Web3 can be both puzzling and vague, and to help provide an understanding, here is a quick review of the evolution of the internet over the years:</span></p><p><br></p><p><strong>Web 1.0&nbsp;</strong>— The Static Web (around 1990–2005). It was made of read-only webpages that, by and large, lacked much in the way of interactive features. Content generation was limited, and information was hard to find.</p><p><br></p><p><strong>Web 2.0&nbsp;</strong>— The Dynamic Web ( from around 2004 ). Made of new software applications built on the web. Most of the value is generated from companies such as Google, Apple, Amazon, and Facebook.</p><p><br></p><p>The vision of Web3 tends to be a more democratic version of today’s online and digital works, where Web3platforms could give creators and users a way to monetize their activity and contributions. For example, PIXIE a crypto version of TikTok or Instagram, rewards all social interactions with cryptocurrency PIX, which is called “social content mining.</p><p><br></p><p><img src=\"https://miro.medium.com/max/700/1*0bd8X5LejRiOhnKcdiXmXg.png\"></p><p>Image Courtesy:&nbsp;<a href=\"https://femaleonezero.com/technology/what-is-web-3-and-why-you-should-care\" rel=\"noopener noreferrer\" target=\"_blank\" style=\"color: inherit;\">FemaleOneZero</a></p><p><br></p><p>There are many different paths to the evolution of Web3, but industry opinion leaders often suggest the following characteristics to help define Web3:</p><p><br></p><ul><li><strong>Semantic Web:&nbsp;</strong>Enhanced web technologies that allow users to create, and share a link material through search and analysis. The search and analysis capabilities with Web3 would focus more on understanding the meaning of words and the context behind them.</li></ul><p><br></p><ul><li><strong>Decentralized</strong>: Unlike Web 1.0 and Web 2.0, where governance and application were largely centralized (think about Facebook/Meta), Web3 will be decentralized, with all applications and services enabled by a distributed approach where there is not a central authority.</li></ul><p><br></p><ul><li><strong>3D Graphics or Metaverse:</strong>&nbsp;Some tech experts refer to Web3 because of its potential to create a new level of immersion and interaction between the physical and virtual world or metaverse. Pioneering applications are being seen across all industries from gaming, health, real estate, and e-commerce.</li></ul><p><br></p><ul><li><strong>Artificial Intelligence:&nbsp;</strong>The combination of semantic capabilities and AI will allow significant improvements to understand a multitude of data and provide faster and more relevant results (e.g., climate prediction or human-based corrupt practices such as biased product reviews).</li></ul><p>Other features of Web3 include Ubiquity (i.e., anywhere/everywhere), Blockchain (i.e., decentralized ledger), and edge computing.</p><p><br></p><p><strong><em>Key trends of Web3 in 2023</em></strong></p><p>As Web3 embraces these features, and continues to use blockchains, cryptocurrencies, and NFTs to give power back to the users in the form of ownership, we continue to see many companies supercharging their brands with this technology.</p><p>Here are some of the key Web3 trends to look out for in 2023.</p><p><br></p><p><strong><em>Industry to increase emphasis on cybersecurity</em></strong></p><p>Web3 offers several benefits for users, such as data ownership, transparency, and fewer intermediaries, but it raises concerns with novel security threats. Some examples include smart contract logic hacks, crypto-jacking, rug pulls, and ice phishing.</p><p><br></p><p>Blockchain security will continue to see huge demand, which is a result of increased crypto losses. A&nbsp;<a href=\"https://decrypt.co/102080/roughly-70-of-1-billion-lost-to-crypto-scammers-since-2021-was-bitcoin-ftc\" rel=\"noopener noreferrer\" target=\"_blank\" style=\"color: inherit;\">2022 report</a>&nbsp;from the Federal Trade Commission revealed that more than 46,000 individuals had lost over $1 billion in crypto scams since 2021. Wintermute, a leading crypto market maker, has recently lost about&nbsp;<a href=\"https://techcrunch.com/2022/09/20/crypto-market-maker-wintermute-loses-160-million-in-defi-hack/\" rel=\"noopener noreferrer\" target=\"_blank\" style=\"color: inherit;\">$160 million</a>&nbsp;in a hack, </p><p>becoming one of the latest firms in the industry to suffer a breach.</p><p><br></p><p>Along with cryptocurrencies, NFTs have also become an&nbsp;<a href=\"https://decrypt.co/106024/nft-projects-lost-22m-to-hackers-in-one-month-via-discord-report\" rel=\"noopener noreferrer\" target=\"_blank\" style=\"color: inherit;\">increasingly popular</a>&nbsp;target for scammers.</p><p><br></p><p><img src=\"https://miro.medium.com/max/700/1*DEL2TWbVY9eBD1Vga4SiTQ.jpeg\"></p><p>Image Courtesy:&nbsp;<a href=\"https://www.bangkokpost.com/tech/2330263/survey-se-asia-shortage-of-cybersecurity-experts\" rel=\"noopener noreferrer\" target=\"_blank\" style=\"color: inherit;\">BangkokPost</a></p><p><br></p><p>With the growing concerns in the field, a number of start-ups are growing on developing security, data, monitoring, and storage solutions for Web3, and this trend is observed by a growing number of industry investments:</p><p><br></p><ul><li><a href=\"https://immunefi.com/\" rel=\"noopener noreferrer\" target=\"_blank\" style=\"color: inherit;\"><strong>Immunefi</strong></a><strong>:&nbsp;</strong>a bug bounty and security services platform for DeFi has raised $24 million as part of its Series A.</li></ul><p><br></p><ul><li><a href=\"https://uk.movies.yahoo.com/certik-leading-web3-security-company-120000272.html\" rel=\"noopener noreferrer\" target=\"_blank\" style=\"color: inherit;\"><strong>CertiK</strong></a><strong>:&nbsp;</strong>a leading<strong>&nbsp;</strong>Web3 security company raised $88 million earlier this year in its Series B3 financing round.</li></ul><p><br></p><ul><li><a href=\"https://halborn.com/web3-security-firm-halborn-raises-90m-series-a-led-by-summit-partners/\" rel=\"noopener noreferrer\" target=\"_blank\" style=\"color: inherit;\"><strong>Halborn</strong></a><strong>:&nbsp;</strong>a cybersecurity firm serving both traditional finance and blockchain-based clients raised $90 million in its Series A financing round.</li></ul><p><br></p><p>More investments and emphasis to make the Web3 experiences as secure as possible will help reduce scams and also make companies more comfortable in investing in Web3-related projects.</p><p><br></p><p><strong><em>Market growth will be driven by Metaverse investments and M&amp;A deals</em></strong></p><p>The Web3 space will continue to attract investments driven by two forces: metaverse-related projects and metaverse mergers and acquisitions deals.</p><p><br></p><p>Just in the first five months of 2022, more than&nbsp;<a href=\"https://www.mckinsey.com/about-us/new-at-mckinsey-blog/meet-the-metaverse-creating-real-value-in-a-virtual-world\" rel=\"noopener noreferrer\" target=\"_blank\" style=\"color: inherit;\">$120 billion</a>&nbsp;have been invested in building out metaverse technology and infrastructure, more than double the $57 billion in investments made in 2021.</p><p><br></p><p>There are several reasons which drive interest from both investors and brands:</p><p><br></p><ul><li>Growing focus on integrating digital and physical worlds using&nbsp;<a href=\"https://www.grandviewresearch.com/industry-analysis/mixed-reality-market\" rel=\"noopener noreferrer\" target=\"_blank\" style=\"color: inherit;\">mixed reality</a>&nbsp;(MR),&nbsp;<a href=\"https://www.grandviewresearch.com/industry-analysis/augmented-reality-market\" rel=\"noopener noreferrer\" target=\"_blank\" style=\"color: inherit;\">augmented reality</a>&nbsp;(AR), and&nbsp;<a href=\"https://www.grandviewresearch.com/industry-analysis/virtual-reality-vr-market\" rel=\"noopener noreferrer\" target=\"_blank\" style=\"color: inherit;\">virtual reality</a>&nbsp;(VR).</li></ul><p><br></p><ul><li>Metaverse has the potential to elevate several industries in numerous ways, such as manufacturing (e.g., digital prototypes), hospitality &amp; tourism (e.g., preview and elevate customer experiences) and healthcare (e.g., accelerate disease assessment and treatment).</li></ul><p><br></p><ul><li>High penetration rate of users from gaming, content creation, social interaction, learning, and training.</li></ul><p><br></p><ul><li><a href=\"https://medium.com/@ritabatalha/how-the-metaverse-can-shape-customer-experience-205eec864761\" rel=\"noopener noreferrer\" target=\"_blank\" style=\"color: inherit;\">Transform e-commerce and customer experience.</a></li></ul><p><br></p><p>As a result, various end-user players such as Meta, Gucci, Nike, Starbucks, and Adidas are entering the metaverse in different ways to experiment with different ways to elevate the internet experience with customers.</p><p><br></p><p><a href=\"https://techcrunch.com/2022/08/03/starbucks-to-unveil-its-web3-based-rewards-program-next-month/\" rel=\"noopener noreferrer\" target=\"_blank\" style=\"color: inherit;\"><strong>Starbucks</strong></a><strong>&nbsp;</strong>is set to launch<strong>&nbsp;</strong>a<strong>&nbsp;</strong>Web3-enabled loyalty program and a non-fungible token (NFT) platform that allows customers to earn and buy digital assets that unveil exclusive experiences and rewards.</p><p><br></p><p><img src=\"https://miro.medium.com/max/700/1*jyfcHNooetmnQ95zPJckAw.jpeg\"></p><p>Image Courtesy:&nbsp;<a href=\"https://cryptounity.news/starbucks-teases-web3-rewards-program-to-attract-new-customers\" rel=\"noopener noreferrer\" target=\"_blank\" style=\"color: inherit;\">Cryptoshrypto</a></p><p><br></p><p>As the metaverse and NFTs continue to soar, more<strong>&nbsp;</strong>M&amp;A opportunities will emerge to accelerate building immersive experiences and help to build large-scale communities underpinned by engaging content. Gaming is one of the biggest bets.</p><p><br></p><p>In the last 18 months, Metaverse M&amp;A totalled&nbsp;<a href=\"https://techmonitor.ai/technology/emerging-technology/metaverse-mergers-acquisitions-investing-virtual\" rel=\"noopener noreferrer\" target=\"_blank\" style=\"color: inherit;\">$77bn</a>, with buyers focusing on video gaming, AR, VR and 3D solutions.</p><p><br></p><p><img src=\"https://miro.medium.com/max/700/1*DRdAHe7vUrqIKXPDUJT_7w.png\"></p><p>M&amp;A Deals. Source:&nbsp;<a href=\"https://techmonitor.ai/technology/emerging-technology/metaverse-mergers-acquisitions-investing-virtual#:~:text=Metaverse%20mergers%20and%20acquisitions%20totalled,eye%20an%20%24800bn%20opportunity.&amp;text=Businesses%20have%20ploughed%20investments%20of,bn%20in%20just%20two%20years.\" rel=\"noopener noreferrer\" target=\"_blank\" style=\"color: inherit;\">Technmonitor.AI</a></p><p><br></p><p>Brands and investors will also have access to new services to ensure M&amp;A deals are a<a href=\"https://medium.com/@ritabatalha/top-trends-for-web3-in-2023-e9fd6e0fbc30#_msocom_1\" rel=\"noopener noreferrer\" target=\"_blank\" style=\"color: inherit;\">[Cc1]</a>&nbsp;. For example,&nbsp;<a href=\"https://acquire.fi/\" rel=\"noopener noreferrer\" target=\"_blank\" style=\"color: inherit;\"><strong>Acquire.Fi&nbsp;</strong></a>is a Web3 company and M&amp;A platform offering due diligence, business evaluation and support across all stages of the acquisition process.</p><p><br></p><p><strong><em>Final Thoughts</em></strong></p><p>Web3 is still a novel concept, but cutting-edge technologies will have the potential to revolutionize industries and parts of everyday life.</p><p>Cybersecurity will be one of the biggest trends for 2023, which is partially a result of Crypto and NFT scams. Another challenge that will continue to drive debate is finding a balance between decentralization and regulation. For example, hacks in smart contracts raise crucial legal questions, as they are often not protected by the law or are fragmented across jurisdictions.</p><p>Nevertheless, the industry is promised to keep booming, with the growing investment of metaverse-related projects and M&amp;A deals. The Metaverse market size is projected to reach USD&nbsp;<a href=\"https://www.prnewswire.com/news-releases/metaverse-market-size-worth--824-53-billion-globally-by-2030-at-39-1-cagr-verified-market-research-301585725.html#:~:text=According%20to%20Verified%20Market%20Research,39.1%25%20from%202022%20to%202030.\" rel=\"noopener noreferrer\" target=\"_blank\" style=\"color: inherit;\">824.53 billion&nbsp;</a>by 2030, growing at a 39.1% from 2022 to 2030, opening more opportunities for brands to transform business functions from customer experience, loyalty and shopping.</p><p><br></p><p class=\"ql-indent-2\"><br></p>','2022-12-03 00:27:31.004119','2022-12-03 00:27:31.004119','2022-12-07 08:56:00.000000',1,1),(14,'Major Crypto Exchanges Ready to Work in Russia Under Proposed Rules, Report','major-crypto-exchanges-ready-to-work-in-russia-under-proposed-rules-report','https://res.cloudinary.com/phontran/image/upload/v1670327353/zpivchs6mppvpzat4y1i.jpg',1,'<p class=\"ql-align-center\"><img src=\"https://static.news.bitcoin.com/wp-content/uploads/2022/02/matrioshki.jpg\"></p><p><br></p><p>Leading exchanges, polled by the Russian press, have indicated they are not afraid of the upcoming strict crypto regulations. A requirement for coin trading platforms to establish a local office is one of the proposals in a regulatory roadmap drafted by the government in Moscow.</p><p><br></p><h2>Cryptocurrency Exchanges to Set Up Shop in Russian Federation</h2><p><br></p><p>Some of the world’s largest digital assets exchanges, interviewed by Kommersant, are not objecting to a potential requirement to establish permanent presence in Russia in order to continue to offer services to its citizens. The idea to oblige foreign-based platforms to do so is part of the government’s roadmap to regulate the country’s crypto space.</p><p><br></p><p>The document, reportedly signed by Deputy Prime Minister Dmitry Chernyshenko, has been prepared as an alternative approach to Bank of Russia’s call for a ban on trading, among other crypto operations. With its hardline stance, the central bank has found itself in isolation as most other government institutions, including the Finance Ministry, favor regulation over prohibition.</p><p><br></p><p>Among other requirements envisaged in the roadmap are those related to anti-money laundering efforts such as the sharing of transaction data with Rosfinmonitoring, Russia’s financial watchdog. Crypto market players will also have to put in place mechanisms to verify information about the ownership of the digital assets they are dealing with.</p><p><br></p><p>Binance, the largest crypto exchange by volume, told the business daily it’s ready to open a branch or even register a legal entity in Russia, “if this contributes to the convenience of users and the security of operations.” Olga Goncharova, head of government relations for Russia and the CIS countries, said that Binance supports the regulatory roadmap as a step that “will make operations more understandable, transparent, and user-friendly” while also noting the proposals need further “calibration.”</p><p><br></p><p>Another major crypto trading platform, Huobi, stated that it hopes for an “open dialogue with Russian regulators.” Its team believes that a constructive cryptocurrency law would help increase confidence in digital assets and exchanges in both individual and institutional investors.</p><p><br></p><p>Crypto exchange AAX revealed it has no immediate plans to establish an office in the Russian Federation but it also said it may start working in this direction in case the regulations are approved. AAX is ready to comply with what it described as “legitimate” regulatory requirements. The exchange, which serves around half a million Russian residents, remarked that it keeps information about its clients, their balances, transactions, and trading activities.</p><p><br></p><p>Russian lawmakers are now working on a new bill to fill the regulatory gaps remaining after the adoption of the law “On Digital Financial Assets.” The authors aim to define which entities will be allowed to work with cryptocurrencies, including crypto exchanges. Trading platforms incorporated abroad will be subject to a “special” registration regime, the Deputy Chair of the Security and Anti-Corruption Committee Andrey Lugovoy, one of the sponsors, told Russian media.</p>','2022-12-06 18:49:15.618002','2022-12-06 18:49:15.618002','2022-12-06 11:49:15.618002',1,0),(15,'Ethereum Limited Private Sale Procedure','ethereum-limited-private-sale-procedure','https://res.cloudinary.com/phontran/image/upload/v1670391805/ieonywf097falym9i40n.png',1,'<h2><strong>Ethereum Limited Private Sale Procedure</strong></h2><p><br></p><p>Ethereum Limited will conduct its Private Sale today, July 15, 2018 at 15:00 GMT.</p><p><br></p><p>We allocated only 8% of the maximum supply or 800,000 tokens at $0.40 each for the Private Sale.</p><p><br></p><p>A minimum of $200 purchase is required with no maximum purchase amount unlike in the ICO which is going to be limited.</p><p><br></p><h3><strong>4 Easy Steps to Buy ETHL in the Private Sale</strong></h3><p>1. Log in to your ETHL account. Register here <a href=\"https://goo.gl/ymw9t2\" rel=\"noopener noreferrer\" target=\"_blank\">https://goo.gl/ymw9t2</a>. </p><p>2. Deposit at least $200 worth of BTC or ETH. </p><p>3. The option to get whitelisted will appear after the deposit is confirmed. </p><p>4. Purchase your ETHL tokens.</p><p class=\"ql-align-center\"><br></p><p class=\"ql-align-center\"><img src=\"https://miro.medium.com/max/700/1*E7lJbQvxqxMwbbpNolFjew.png\"></p><p class=\"ql-align-center\">Whitelist option will appear once minimum deposit amount is met.</p><p><br></p><p>For more information about Ethereum Limited, check out our social media accounts below.</p><p><br></p><p>Website </p><p><a href=\"https://goo.gl/ymw9t2\" rel=\"noopener noreferrer\" target=\"_blank\">https://goo.gl/ymw9t2</a></p><p><br></p><p>Whitepaper </p><p><a href=\"https://goo.gl/TTZDmk\" rel=\"noopener noreferrer\" target=\"_blank\">https://goo.gl/TTZDmk</a></p><p><br></p><p>Facebook </p><p><a href=\"https://www.facebook.com/ethereumlimited/\" rel=\"noopener noreferrer\" target=\"_blank\">https://www.facebook.com/ethereumlimited/</a></p><p><br></p><p>Twitter</p><p><a href=\"https://twitter.com/EthereumLimited\" rel=\"noopener noreferrer\" target=\"_blank\">https://twitter.com/EthereumLimited</a></p><p><br></p><p>Instagram</p><p><a href=\"https://www.instagram.com/ethereumlimited/\" rel=\"noopener noreferrer\" target=\"_blank\">https://www.instagram.com/ethereumlimited/</a></p><p><br></p><p>Reddit</p><p><a href=\"https://www.reddit.com/user/ethereumlimited\" rel=\"noopener noreferrer\" target=\"_blank\">https://www.reddit.com/user/ethereumlimited</a></p><p><br></p><p>LinkedIn</p><p><a href=\"https://www.linkedin.com/in/ethereumlimited\" rel=\"noopener noreferrer\" target=\"_blank\">https://www.linkedin.com/in/ethereumlimited</a></p><p><br></p><p>Medium </p><p><a href=\"https://www.medium.com/@ethereumlimited\" rel=\"noopener noreferrer\" target=\"_blank\">https://www.medium.com/@ethereumlimited</a></p><p><br></p><p>Telegram Chat </p><p><a href=\"https://www.t.me/EthereumLimited\" rel=\"noopener noreferrer\" target=\"_blank\">https://www.t.me/EthereumLimited</a></p><p><br></p><p>Telegram Channel </p><p><a href=\"https://www.t.me/EthereumLimitedChannel\" rel=\"noopener noreferrer\" target=\"_blank\">https://www.t.me/EthereumLimitedChannel</a></p><p><br></p><p>ANN </p><p><a href=\"https://bitcointalk.org/index.php?topic=4521586\" rel=\"noopener noreferrer\" target=\"_blank\">https://bitcointalk.org/index.php?topic=4521586</a></p><p><br></p><p>Unofficial ANN </p><p><a href=\"https://bitcointalk.org/index.php?topic=4576117\" rel=\"noopener noreferrer\" target=\"_blank\">https://bitcointalk.org/index.php?topic=4576117</a></p><p><br></p><p>Bounty Program </p><p><a href=\"https://bitcointalk.org/index.php?topic=4539121\" rel=\"noopener noreferrer\" target=\"_blank\">https://bitcointalk.org/index.php?topic=4539121</a></p>','2022-12-07 12:43:28.964572','2022-12-07 12:43:28.964572','2022-12-07 05:43:28.964572',37,0),(16,'Issues on Ethereum and DeFi as an emerging market','issues-on-ethereum-and-de-fi-as-an-emerging-market','https://res.cloudinary.com/phontran/image/upload/v1670394679/gnae5m398jptiseeppby.jpg',1,'<h2>Issues on Ethereum and DeFi as an emerging market</h2><p><br></p><p><strong>Ethereum, the second most popular crypto asset by market cap, has seen its growth halted by notorious scalability issues and high gas fees. However, Decentralised Finance (or DeFi) which is built on the Ethereum Network is a different story.</strong></p><p><br></p><p>It was only as recent as the summer of 2020 when DeFi started to gain widespread traction amongst investors, leading to this period becoming affectionately coined as ‘the DeFi Summer’.</p><p><br></p><p><img src=\"https://miro.medium.com/max/700/0*ELZsQSv_HtjE8XZO.png\"></p><p class=\"ql-align-center\">Source: [DeFi Pulse](<a href=\"https://defipulse.com/\" rel=\"noopener noreferrer\" target=\"_blank\">https://defipulse.com/</a>). <em>Total Value locked (TVL) on DeFi dApps</em>.</p><p>Although DeFi is a relatively new concept, it gained $1bn in TVL over its first three years, which put the sector in the top 40 most valuable digital assets, [according to <a href=\"https://www.coingecko.com/en\" rel=\"noopener noreferrer\" target=\"_blank\">CoinGecko</a>]. The chart above shows the exponential growth of total value locked (TVL) on DeFi since, October 2017. As we can see, the TVL has skyrocketed from $1bn to over $25bn in the past 6 months, which has provided investors with a plethora of new investment opportunities.</p><p><br></p><p>DeFi exposes investors to digital assets through more quasi-traditional finance applications. With the emergence of new decentralised applications, or dApps, the continued growth and use of DeFi has monumental future potential. To put it into perspective, the DeFi ecosystem accounted for over 95% of dApp volume in 2020, equalling to US $270 billion.</p><p><br></p><p>However, the CryptoKitties boom in 2017 really highlighted the scalability issues on the Ethereum Network as the popularity that ensued from the launch of the NFT platform heavily congested the network. Learning from this experience, the creators of CryptoKitties have recently launched their own blockchain, Flow. Since its release to the market on January 29th 2021, its token has generated 4500% in returns for investors.</p><p><br></p><p>What this tells us is that DeFi is very much emerging as a fundamental part of the Ethereum Network. The proposed fixes for Ethereum’s network issues are years in the making, which is time that developers cannot waste while they’re working to meet the increased demand from investors who want to put their digital cash to work in a market with significantly deeper pockets. DeFi is a space to watch closely, as new investment opportunities are bound to emerge.</p><p><br></p><p>Tom Salter, Digital Asset Analyst at ByteTree</p><p><br></p><p><img src=\"https://miro.medium.com/max/700/1*wEH2egZXhDFW3bF-EdZehg.jpeg\"></p>','2022-12-07 13:31:26.296243','2022-12-07 13:31:26.296243','2022-12-07 06:31:26.296243',37,0),(18,'Why the Web 3.0 Matters and you should know about it','why-the-web-3-0-matters-and-you-should-know-about-it','https://res.cloudinary.com/phontran/image/upload/v1670398002/ir7ciullduychisvfoo0.png',1,'<h2><strong><em>Why the Web 3.0 Matters and you should know about it</em></strong></h2><p><br></p><p><em>There’s plenty of buzz around the web 3.0 and the sweeping changes it will bring to the industry, but few people actually know why it spawned and what it will bring. To understand this, it’s necessary to travel back in time and examine it predecessors, Web 1.0 &amp; 2.0.</em></p><p><br></p><p><em>Just like the Middle Ages, the Web 1.0 wasn’t given its name until it bit the dust. The ‘World Wide Web’ as it was known, was just a set of static websites with a load of information and no interactive content. Connecting meant dialing up through rickety modems and blocking anyone in the house from using the phone. It was the web of AOL chat rooms and MSN messenger, of AltaVista and Ask Jeeves. It was maddeningly slow. Streaming videos and music? Forget it. Downloading a song would take at least a day.</em></p><p><br></p><p><strong><em>And then there was 2.0</em></strong></p><p><br></p><p><em>The memory of bleepy modems and boring interfaces has largely floated away. Faster internet speeds paved the way for interactive content, the web wasn’t about observing anymore, it was about participating. The global sharing of information spawned the age of ‘Social Media’. Youtube, Wikipedia, Flickr and Facebook gave voices to the voiceless and a means for like-minded communities to thrive.</em></p><p><br></p><p><em>Publishing this blog post will take me a hassle-free 30 seconds, an immeasurable improvement from when it took a concerted effort between designers, developers and administrators just to make a simple website edit. We could call this the Read-Write-Publish’ era — where the spread of information is as simple as those three words. So it begs the question, the web 2.0 is great, what went wrong?</em></p><p><br></p><p><strong><em>Information is money</em></strong></p><p><br></p><p><em>The UN estimated internet users increased from 738 million to 3.2 billion from 2000–2015. That’s an unfathomable amount of data floating around, and as big digital corporations realized, personal information is an enormously valuable asset. So began the mass stockpiling of data in centralized servers, with Amazon, Facebook and Twitter the biggest custodians. People sacrificed security for the convenience of these services; whether they knew it or not, their identities, browsing habits, searches and online shopping information was sold to the highest bidder.</em></p><p><br></p><p><strong><em>The 3.0 revolution</em></strong></p><p><br></p><p><em>By this stage, Web 2.0 exponents were already dreaming up a successor. The next web, they envisaged, would take nostalgic turn to the vision of the web 1.0: more ‘human’ and more privacy. Rather than concentrating the power (and data) in the hands of huge behemoths with questionable motives, it would be returned the rightful owners.</em></p><p><br></p><p><em>The vision of a fairer and more transparent web dates back to around 2006, but the tools and technologies weren’t available for it to materialize. Bitcoin was still three years off, bringing with it the notion of a distributed ledger, or blockchain, for peer-to-peer digital storage. Decentralization was the idea; blockchain was the means. Now we have what is described as human-centered internet.</em></p><p><br></p><p><strong><em>The pro-privacy, anti-monopoly web</em></strong></p><p><br></p><p><em>While the Web 2.0 democratized many power structures and created </em><a href=\"https://medium.com/@matteozago/2017-was-the-year-of-blockchain-education-2018-is-the-year-of-adoption-bb862e0faae5\" rel=\"noopener noreferrer\" target=\"_blank\"><em>new opportunities</em></a><em>, the economic engine is largely privatized and monopolized. Facebook, Uber and AirBnB have created private networks for public infrastructure which they dominate. The Web 3.0 is the antithesis of this, it’s about multiple profit centers sharing value across an open network.</em></p><p><br></p><p><em>It’s easy to envision a not-too-distant future where crypto-based phones, VPN’s, decentralized storage and cryptocurrency wallets are widespread. A future without the need of network and cellular providers that suspend or surveil our information. If we’re to avoid sleep-walking into a Black Mirror style privacy dystopia, these are the tools we require. There are a number of advantages that Web 3.0 offers:</em></p><p><br></p><p><strong><em>No central point of control:</em></strong><em> Middlemen are removed from the equation, blockchains like Ethereum provide a trust-less platform where the rules are unbreakable and data is fully encrypted. Alphabet and Apple will no longer have control of user data. No government or entity will have the ability to kill sites and services; and no single individual can control the identities of others.</em></p><p><br></p><p><strong><em>Ownership of data</em></strong><em>: End users will regain complete control of data and have the security of encryption. Information can then be shared on a case-by-case and permissioned basis. At present, big companies like Amazon and Facebook have factories of servers storing information on dietary preferences, income, interests, credit card details and more. It’s not merely to improve their services — marketers and advertisers pay billions each year for the data.</em></p><p><br></p><p><strong><em>Dramatic reduction in hacks and data breaches</em></strong><em>: Because data will be decentralized and distributed, hackers would need to turn off the entire network, while state-sponsored tools such as </em><a href=\"https://wikileaks.org/vault7/\" rel=\"noopener noreferrer\" target=\"_blank\"><em>Vault7</em></a><em>, used by the three-letter agencies, would be rendered obsolete. At present, internet companies are compelled to hand over user data or succumb to having the entire database scrutinized. These data intrusions aren’t just limited to major security threats such as terrorism; </em><a href=\"http://fortune.com/2017/11/29/irs-coinbase/\" rel=\"noopener noreferrer\" target=\"_blank\"><em>in 2017, Coinbase took the IRS to court over its demand to see the data of over 15,000 customers</em></a><em>.</em></p><p><br></p><p><img src=\"https://miro.medium.com/max/700/1*h9aFk0xCbpRLMZq7LK-qLg.png\"></p><p class=\"ql-align-center\"><span style=\"font-size: 14px;\">The cost of data breaches is projected to surpas</span><a href=\"https://www.juniperresearch.com/press/press-releases/cybercrime-cost-businesses-over-2trillion\" rel=\"noopener noreferrer\" target=\"_blank\" style=\"font-size: 14px;\">s $2.1 trillion US dollars by 2019</a><span style=\"font-size: 14px;\">.</span></p><p class=\"ql-align-center\"><br></p><p><em>The case, which Coinbase eventually lost, paved the way for government entities to pick over the finances of thousands of customers, with little due cause to justify the intrusion. Cases like this are unfortunately not isolated; in 2013 secure email provider Lavabit chose to shut down rather than hand its SSL keys over to the US government so it could surveil Edward Snowden.</em></p><p><br></p><p><strong><em>Interoperability</em></strong><em>: Applications will be easy to customize and device-agnostic, capable of running on smartphones, TVs, automobiles, microwaves and smart sensors. At present, applications are OS-specific, and are often limited to a single operating system. For instance, many Android cryptocurrency wallets are unavailable on iOs, causing frustration for consumers who use multiple devices. It adds expenses for developers tasked with issuing multiple iterations and updates of their software.</em></p><p><br></p><p><strong><em>Permissionless blockchains</em></strong><em>: Anyone can create an address and interact with the network. The power to access permissionless chains cannot be overstated. Users will not be barred on account of geography, income, gender, orientation or a host of other sociological and demographic factors. Wealth and other digital assets can be transferred cross-border, quickly and efficiently, anywhere in the world.</em></p><p><br></p><p><strong><em>Uninterrupted service</em></strong><em>: Account suspension and distributed denial of service are dramatically reduced. Because there’s no single point of failure, service disruption will be minimal. Data will be stored on distributed nodes to ensure redundancy and multiple backups will prevent server failure or seizure.</em></p><p><strong><em>How will it work?</em></strong></p><p><br></p><p><em>Like any emerging technology is still being refined. For access to the </em><a href=\"https://medium.com/@matteozago/web-2-0-is-broken-its-time-for-a-new-paradigm-shift-2a4b1fc2ff60\" rel=\"noopener noreferrer\" target=\"_blank\"><em>decentralized web</em></a><em>, people will only need a seed. This will be a single asset which enables the interaction with dApps and other services. Individuals will still use a web browser to access the internet, and visually it will be Web 2.0 user-friendly.</em></p><p><br></p><p><em>On the surface, the learning curve from 2.0 to 3.0 will be gentle. But behind the scenes, the framework connecting users with digital services are markedly different. Transactions are signed and verified manually, to prevent platforms from siphoning away personal information without due cause. Web users will opt in rather than trying — and often failing — to opt out.</em></p><p><br></p><ul><li><em>Instead of Google Drive or Dropbox, we have services like Storj, Siacoin, Filecoin or IPFS technology to distribute and store files.</em></li><li><em>Instead of Skype we have platforms like Experty.io.</em></li><li><em>Instead of WhatsApp and Wechat we have Status</em></li><li><em>Instead of operating systems such as iOS and Android, frameworks such as Essentia.one and EOS provide a gateway to the new web.</em></li><li><em>Akasha or Steemit will play the role of Facebook, the Brave browser will serve as Chrome and Ethlance can take over from Upwork.</em></li></ul><p><img src=\"https://miro.medium.com/max/700/1*M5JgwC4zOcX0LaQsLd1fkw.png\"></p><p class=\"ql-align-center\"><span style=\"font-size: 14px;\">Web 2.0 &gt; Web 3.0</span></p><p><br></p><p><em>These are just a few examples. As the Web 3.0 rears into action, new platforms will emerge with a healthy level of competition not throttled by monopolistic service providers. It’s likely the best dApps and decentralized services we will use three years from now are no more than a glimmer in a developers eye.</em></p><p><br></p><p>The concept goes as follows: at present the decentralized apps, wallets, platforms, and other digital assets that make up Web 3.0 are scattered. Accessing these interfaces calls for separate seeds, logins, and identities — much like the existing Web 2.0. Web 3.0 will link these disparate platforms together via a single seed. Because this will operate as an encrypted key that can be associated with its owner, Web 3.0 will provide proof of identity but without giving up any more of that individual’s identity than is necessary.</p><p><br></p><p><em>Just as the Web 2.0 didn’t automatically extinguish Web 1.0 (still gathering dust around some parts of the internet), the move to 3.0 will take time and integration with existing online systems. The wheels have already been set in motion and the train has left the station. Web 3.0 is an revolution in motion, we are past the point of no return.</em></p><p><em><span class=\"ql-cursor\">﻿</span></em></p><p>The change can’t happen without your help: spread around the voice or share the article.</p>','2022-12-07 14:27:00.629959','2022-12-07 14:27:00.629959','2022-12-07 07:27:00.629959',38,0),(19,'Elon Musk is right. Web3 is BS','elon-musk-is-right-web3-is-bs','https://res.cloudinary.com/phontran/image/upload/v1670398432/n3vzokx4t6ro0nhyuoyc.jpg',1,'<h2>Elon Musk is right. Web3 is BS.</h2><p><br></p><p><br></p><p><img src=\"https://miro.medium.com/max/700/1*4vR_a8f8Pz6F4SKLoEZOfw.jpeg\"></p><p class=\"ql-align-center\"><span style=\"font-size: 14px;\">Heartbreaking: The Worst Person You Know Just Made A Great Point</span></p><p><br></p><p>To put it mildly, I am not Elon’s biggest fan. He’s an ignorant, narcissistic, reckless, self-indulgent buffoon who treats his employees like crap, and who just happens to be amazing at marketing himself, which helped him become a billionaire, despite running unprofitable companies.</p><p><br></p><p>Musk however, recently tweeted something that I wholeheartedly agree with: “<a href=\"https://twitter.com/elonmusk/status/1466320998379175939\" rel=\"noopener noreferrer\" target=\"_blank\">Web3 sounds like bs</a>”.</p><p><br></p><p>Web3 is an idea, which even <em>Bloomberg </em>admitted is a bit <a href=\"https://www.bloomberg.com/news/articles/2021-12-21/jack-dorsey-stirs-uproar-by-dismissing-web3-as-a-vc-plaything\" rel=\"noopener noreferrer\" target=\"_blank\">hazy</a>, which suggests we can achieve a decentralised World Wide Web using blockchains. The proponents of this concept like to talk about how Web 2.0 became centralised and controlled by big corporations, and how blockchains, crypto and NFTs can help “give the power <a href=\"https://economictimes.indiatimes.com/prime/technology-and-startups/you-me-and-web3-how-internets-next-avatar-will-transfer-power-from-big-tech-to-the-people/primearticleshow/88655864.cms\" rel=\"noopener noreferrer\" target=\"_blank\">back to the people</a>”.</p><p><br></p><p>This all sounds wonderful and looks good on paper, but in reality, it’s simply bullshit.</p><p><br></p><h2>WebBs</h2><p><br></p><p>Web3 is bullshit on several different levels, but most importantly, it confuses a political and power-relationship problem with a technological one. According to Web3 believers, blockchain is the technology that can finally allow the Web to go back to its decentralised roots. The truth is, blockchains are not only useless in achieving that, we already have the technology to do that.</p><p><br></p><p><a href=\"https://activitypub.rocks/\" rel=\"noopener noreferrer\" target=\"_blank\">ActivityPub</a> is a protocol that has been available for years, and which inspired the creation of fairly successful decentralised, federated social networks such as <a href=\"https://mastodon.social/\" rel=\"noopener noreferrer\" target=\"_blank\">Mastodon</a>. Any community can create their own ActivityPub instance which is controlled by them — even a single user can create their own server instance if they want to, and federate with other instances. It’s a beautiful architecture that allows people to control who has access to their feeds, and what sort of feeds they are exposed to.</p><p><br></p><p>So why haven’t we seen a mass exodus of people from Twitter and Facebook to Mastodon, or similar platforms? The technology is there, the platform is there — all it takes is to register and switch.</p><p><br></p><p>The reason for this is that platforms like Twitter have already achieved enormous power and influence, and a large user base that simply stays where most of the people they follow are. There are plenty of stories of people switching over to Mastodon, only to return to Twitter shortly after, because that’s “where all the action is”. Companies like Twitter spend millions on “customer retention”; they help big brands improve their presence online and give users plenty of reasons to stay and stick to Twitter.</p><p>The monopolistic nature of the biggest social media platforms is also beneficial to other companies, which can streamline their advertising and marketing campaigns — this benefits the wider capitalist system. The monopoly of the big players is a natural result of the system we have in place.</p><p><br></p><p>The Web3 thinking is based on the naive technocratic assumption that technology and “smart ideas” can solve most of our societal problems. Its naivety also expands to the belief that free-market capitalism is the solution to the encroachment of monopolies, and not the system that is in fact actively creating and enlarging them.</p><p><br></p><p>There isn’t a technology that will solve this, and this isn’t happening because of a lack of a certain technology. We already have tools to create a decentralised web, and blockchains aren’t even the right technology to begin with.</p><h2><br></h2><h2><strong>Blockchains, NFTs and crypto-bullshit</strong></h2><p><br></p><p>A blockchain is a form of a digital ledger, which consists of records called blocks. Such a database is managed autonomously using a peer-to-peer network, meaning there is no main, centralised machine controlling the whole infrastructure. Instead everything is controlled collectively by all the nodes connected to the network.</p><p><br></p><p>The main purpose of a blockchain, and really the only reason it can be made useful, is to record <em>transactions</em>. It is admittedly a fairly clever way of avoiding the <em>double spending problem — </em>when a digital token is spent twice (or multiple times), that is, transferred to multiple destinations at once. This is also why, so far, the only major use of blockchains is for digital currency, and artificially scarce digital assets (Non-Fungible Tokens — NFTs).</p><p><br></p><p>Some people have suggested that NFTs could be used for recording things like <a href=\"https://www.forbes.com/sites/nataliakarayaneva/2021/11/24/real-estate-nfts-how-it-began/\" rel=\"noopener noreferrer\" target=\"_blank\">deeds and property titles</a>, but it makes little sense to use blockchains for recording anything physical or anything that requires off-chain validation, authorisation, authentication or confirmation — even if we consider the use of <a href=\"https://academy.binance.com/en/articles/blockchain-oracles-explained\" rel=\"noopener noreferrer\" target=\"_blank\">oracles</a>. Blockchains only make sense in a digital-only world, and only for transactional data — and so far nobody came up with a compelling <a href=\"https://en.wikipedia.org/wiki/Decentralized_application\" rel=\"noopener noreferrer\" target=\"_blank\">dapp</a> idea (decentralized application) that is not tied to cryptocurrency in any way.</p><p>This is why when some Web3 evangelists talk about how social media is centralised and how blockchains can help, you know they’re bullshitting you.</p><p>Social media posts are not transactional data. You may have “likes” that you can give to posts, but the double spending problem is not relevant here, because you have an unrestricted and unlimited supply of “likes”. We already have decades old technologies like <a href=\"https://users.ece.cmu.edu/~adrian/630-f04/PGP-intro.html\" rel=\"noopener noreferrer\" target=\"_blank\">PGP</a> which can prove the authenticity of a post. We already have distributed, peer-to-peer technologies allowing for censorship-proof, decentralised storage of data (such as WebTorrent used by <a href=\"https://joinpeertube.org/\" rel=\"noopener noreferrer\" target=\"_blank\">PeerTube</a>).</p><p><br></p><p><a href=\"https://unstoppabledomains.com/\" rel=\"noopener noreferrer\" target=\"_blank\">Unstoppable Domains</a> looks okay on paper, but it’s a for-profit solution that isn’t really as decentralised as it pretends to be: you still have to go through UD to purchase domains. Moreover, getting around a DNS block is quite trivial, and “unstoppable” domains won’t solve the problem of a hard IP block by your IPS if used as a DNS provider.</p><p><br></p><p>Projects like the <a href=\"https://ipfs.io/\" rel=\"noopener noreferrer\" target=\"_blank\">Interplanetary File System</a> (IPFS) are interesting, and were already used to <a href=\"https://www.eurekastreet.com.au/article/inside-catalonia-s-cypherpunk-referendum\" rel=\"noopener noreferrer\" target=\"_blank\">fight against censorship</a>. However, the pricing model is slightly obfuscated, the cost of “pinning” (permanent storage) is a few times higher compared to regular storage solutions. If you’re using a company like <a href=\"https://www.pinata.cloud/\" rel=\"noopener noreferrer\" target=\"_blank\">Pinata</a> to host (“pin”) your content and guarantee its permanence while you pay a monthly fee, you should start asking yourself how much decentralisation you are really left with if you still rely on your hosting provider and on the caching policy of independent nodes. Moreover, we already have <a href=\"https://en.wikipedia.org/wiki/Magnet_URI_scheme\" rel=\"noopener noreferrer\" target=\"_blank\">magnet links</a>, <a href=\"https://en.wikipedia.org/wiki/List_of_Tor_onion_services\" rel=\"noopener noreferrer\" target=\"_blank\">Tor Onion services</a> and platforms like <a href=\"https://freenetproject.org/\" rel=\"noopener noreferrer\" target=\"_blank\">FreeNet</a>, which is nearly 22 years old now (the web itself is only 9 years older).</p><p>The technology is already here! We have had similar technologies for decades now! …and <em>new</em> technology is <em>not </em>what we need to fight the enormous power of the biggest platforms. That’s bullshit.</p><p><br></p><h2>Bullshit radicalism of venture capitalists</h2><p><br></p><p><a href=\"https://www.forbes.com/sites/rahulrai/2022/01/02/an-overview-of-web3-venture-capital-activity-in-2021/?sh=33fc0ec31f16\" rel=\"noopener noreferrer\" target=\"_blank\">Venture capitalists</a> are <a href=\"https://www.cnbc.com/2021/10/13/vc-firm-andreessen-horowitz-to-make-crypto-policy-push-in-washington.html\" rel=\"noopener noreferrer\" target=\"_blank\">having a blast</a> — they can suddenly pretend they are radicals who intend to “disrupt centralized intermediaries” and create an Internet “that is owned by its builders, users, and creators”. They can pretend they are the voice of a rebellious generation, trying to take on “the big guys”. However, I’m not really presenting breaking news by pointing out that the only reason VCs invest in Web3 projects is to make a profit.</p><p><br></p><p>A lot of the Web3 projects are only branded as “decentralised”, with a lot of them using permissioned (or hybrid) blockchains, where only the company can add or remove tokens, but then the ownership of tokens can be traded independently. As some other writers pointed out, <a href=\"https://soatok.blog/2021/10/19/against-web3-and-faux-decentralization/\" rel=\"noopener noreferrer\" target=\"_blank\">centralization is inevitable under capitalism</a>; and you can’t have real decentralization without a fair and just distribution of power. Cryptocurrency and Web3 does not achieve that at all. What you get instead is “marketization” of power, and we can see where this gets us by looking, for instance, at Bitcoin’s (completely unsurprising) <a href=\"https://www.wsj.com/articles/bitcoins-one-percent-controls-lions-share-of-the-cryptocurrencys-wealth-11639996204\" rel=\"noopener noreferrer\" target=\"_blank\">distribution of wealth</a>.</p><p><br></p><p>As demonstrated above, the technologies supported by the Web3 crowd aren’t anything new. The main difference here is that all these projects revolve around DeFi and cryptocurrency. This is the real reason why VCs are so interested in Web3: they want to prolong the crypto-bubble. They want to make the projects they have already invested in more relevant, and increase the value of any speculative assets associated with them. They want more people to buy crypto, more money to enter the market to inflate the prices. They don’t care about “decentralisation” or “freedom” or “censorship”. They just want to make big bucks before the bubble finally bursts.</p><p><br></p><p><a href=\"https://steemit.com/\" rel=\"noopener noreferrer\" target=\"_blank\">Steemit</a>, a blockchain-based blogging and social media website, had to fire 70% of their staff when the price of their cryptocurrency dropped in 2018 during a market crash. These are platforms which have business plans simply built around proprietary cryptocurrency and tokens, and their circulation.</p><p>What fuels this way of thinking is the ubiquitous technocratic point of view, which, in the shadow of Fukuyama’s “end of history”, sees the world not as a conflict of different concentrations of power, but simply as a place where “bad ideas” need to be replaced with “better ones”. Shiny new technologies devised by smart people will bring about a substantial change.</p><p><br></p><p>But, as I said before, the problem isn’t a technological one: it’s a political one. If we truly want to confront the power held by the big social media companies, we need to go in the opposite direction to what the Web3 cult is trying to take: look at the profit motive within the industry, look at adequate regulation. I’d go as far as saying that the only way to solve the problem with large social media companies is to remove business and profit from the whole equation.</p><p><br></p><p>We should look at how certain aspects of decentralisation, in the context of cryptocurrency, provide owners of capitals different avenues for abuse and allow them to perform money laundering, wash trading, and general market manipulation. Finally, if we look at Onion services, they are predominantly used by black markets.</p><p><br></p><p>A radical standpoint would be to further democratize our monetary system and to look at getting rid of money entirely in the far future. Bitcoin isn’t radical — it’s a step backwards, towards marketization, not democratization, giving more power to owners of capital. I always find it hilarious when people sugest that cryptocurrencies are confronting any power — big banks already <a href=\"https://markets.businessinsider.com/news/currencies/13-top-banks-investing-cryptocurrency-blockchain-technology-funding-blockdata-bitcoin-2021-8\" rel=\"noopener noreferrer\" target=\"_blank\">invest hundreds of millions of dollars</a> and <a href=\"https://cointelegraph.com/news/coincidence-top-5-swiss-banks-profits-up-34-after-bitcoin-integration\" rel=\"noopener noreferrer\" target=\"_blank\">profit from cryptocurrencies</a>. </p><p><br></p><p>Crypto might make them feel at most uncomfortable, but not threatened.</p><p>Likewise, Web3 backed by venture capitalists won’t confront any large power. I think it’s a fad that will fade away, but even if it gains foothold, it will only shift power from the Big Tech to the VCs — not to the people. Don’t get fooled by their marketing campaigns. It’s all bullshit.</p><p><br></p>','2022-12-07 14:34:01.605489','2022-12-07 14:34:01.605489','2022-12-07 07:34:01.605489',38,0),(20,'Why Gate.io Is The Perfect Platform To Trade Web3 Tokens On','why-gate-io-is-the-perfect-platform-to-trade-web3-tokens-on','https://res.cloudinary.com/phontran/image/upload/v1670398696/klhbg5naq704hyntl2nh.png',1,'<h3>Why Gate.io Is The Perfect Platform To Trade Web3 Tokens On</h3><p><br></p><p>Many consider Web3 to be the next phase in the evolution of the internet. A buzzword used across the world, and causing commotion around Silicon Valley, but what is Web3 and why is Gate.io the perfect platform to consider Web3 tokens?</p><p><br></p><p><strong>Web3 in a nutshell</strong></p><p><br></p><p>As we have seen over the last decade and a half with the current Web2 ecosystem, our personal data may be used for nefarious reasons as was the case with the Cambridge Analytica scandal, which used targeted content to sway voter’s opinions during political elections. Or major data breaches of many websites across the web which has led millions of users’ data being leaked.</p><p><br></p><p>Many current Web2 giants fear disclosing data breaches, fearing users leaving their platforms and the negative publicity surrounding it. This is a major disadvantage of the Web2 ecosystem that many believe Web3 will solve; securing users’ data while giving users control over their digital identities.</p><p><br></p><p>The main objective of Web3 is that it aims to decentralize the internet and give control of data back into the hands of its users. Whether it’s social media, banking details or passwords; everything will be secured by the blockchain. This would allow enhanced security, protecting user data against data breaches, while securing the data using hashes.</p><p><br></p><p>Security is further enhanced by the fact that each node holds a copy of the blockchain’s ledger, which includes transactions previously performed on the network. As such, should someone with malicious intent attempt to manipulate the ledger, they would need to do so on each node, which is both highly unlikely and difficult at the same time.</p><p><br></p><p><strong>Web3 tokens on Gate.io</strong></p><p><br></p><p>Over the years, Gate.io has taken pride in listing up and coming projects on its exchange. The exchange already has some of the most popular Web3 tokens such as DOT, KSM and HNT listed. Gate.io also has lower cap tokens such as MIRROR, AUDIO and FLUX which all have significant growth potential. Each project that Gate.io lists is meticulously vetted by our team, ensuring only transparent projects with potential are listed on the platform.</p><p>As 2021 draws to a close, the most popular web3 projects have a total market cap of just $15 billion, a far cry from Bitcoin’s market cap of over $1 trillion. Surprisingly, just a year ago, the entire DeFi market was also valued at around $15 billion and has grown tremendously since. As such, going into 2022, many believe Web3 tokens will see the same level of growth as NFTs and the DeFi market throughout the last year.</p><p><br></p><p><strong>How have Web3 tokens benefitted from Gate.io</strong></p><p><br></p><p>Gate.io recognized the potential of the Web3 movement in its early days, as such the company has ensured support for projects and listed many projects during their early stages. Gate.io offered full support for parachain auctions on DOT and KSM, including vetted projects that make use of these protocols. The platform also partnered with Tron on NFT projects based on the TRC-21 and BTFS protocols.</p><p><br></p><p><strong>Why choose Gate.io when investing in Web3 projects</strong></p><p><br></p><p>Gate.io constantly performs research into the market, looking for up and coming projects with potential, as shown with the recent announcement of Gate Ventures, with a $100 million investment fund aiming to pursue early-stage projects in the space. Gate Ventures will provide financial resources as well as support and insight into the larger market, in addition to access to the wider Gate.io ecosystem.</p><p><br></p>','2022-12-07 14:38:18.845770','2022-12-07 14:38:18.845770','2022-12-07 07:38:18.845770',38,0),(21,'Web 3 is About Ownership and Decentralizing the Internet','web-3-is-about-ownership-and-decentralizing-the-internet','https://res.cloudinary.com/phontran/image/upload/v1670399080/l1osyfqw39htfeybaxop.png',1,'<h3>Web 3 is About Ownership and Decentralizing the Internet</h3><p><br></p><p><img src=\"https://miro.medium.com/max/700/1*qdwcTKEhJfWH_ssPaKu4wg.png\"></p><p><br></p><p>Maybe you’ve never wondered exactly who owns the internet. We decided to “ask Alexa”, to see what she might say.</p><p><br></p><p>At first she said that “nobody owns the internet”, but then referred to sources which clarified the facts. Most of the World Wide Web is owned and operated by corporations like AT&amp;T, Verizon, and Quest Communications.</p><p><br></p><p>The internet is pretty awesome and these companies deserve some praise for what they’ve accomplished. But the era of decentralization is upon us. Blockchain ledgers, governance tokens, cryptocurrencies, and permissionless networks are here.</p><p><br></p><p>One might say that Web 3 is the historic convergence of all these new technologies and the apps that run on them, but Web 3 is also about ownership — of your identity, your search data, your work, your art, and even the “web” itself.</p><p><br></p><blockquote><strong>Our big idea is that the internet should belong to everyone. The World Wide Web can gradually become more like a public utility or co-op, owned by the peopl</strong>e.</blockquote><p><br></p><p>Node Star DAO is on a mission to help decentralize the internet and make ALL blockchain networks more resilient; operating as many nodes as possible, supporting as many networks as possible, helping the entire web3 ecosystem thrive.</p><p><br></p><p><img src=\"https://miro.medium.com/max/700/1*yFMT6PURT34RFh6FkTwSpw.png\"></p><p><br></p><p><strong>These are the three big problems we can help solve:</strong></p><p><br></p><p>Web3 integrates blockchains. To achieve decentralization, growth, and resilience, blockchain companies need more people to run their nodes. But most people lack the technical skills, don’t have extra computers, or are busy with other things. Node Star can help. As we grow, our core team will operate most of our nodes internally, but will educate &amp; incentivize our super-fans to become “node stars” themselves. Together we will spread out servers and nodes, supporting the entire blockchain ecosystem.</p><p><br></p><p>A significant number of humans are not yet connected to the internet because they live in remote rural areas without modern infrastructure. A handful of innovative blockchain companies like Space Chain, Helium, World Mobile Chain, and StarLink are working out brilliant ways to bring them online. We intend to support these projects and partner with them to achieve our common goals.</p><p><br></p><p>Owning the internet and sharing the wealth is a totally new concept for most people. Even if people like the idea, they don’t know where to start, how to participate, or how to earn rewards from contributing. Node Star DAO will promote these ideas through social media, articles, videos, and talks — inviting everyone to join the Web3 revolution.</p><p><br></p>','2022-12-07 14:44:42.958955','2022-12-07 14:44:42.958955','2022-12-07 07:44:42.958955',38,0),(22,'Enter the Horaverse','enter-the-horaverse','https://res.cloudinary.com/phontran/image/upload/v1670399457/pfjqlohfupkrxyrspctm.png',1,'<h3>Enter the Horaverse</h3><p><br></p><p>Welcome to a new chapter, a new round of this fantastic voyage.</p><p><br></p><p>Almost a year ago, we announced massive changes in our general direction and where we want to take everything we’ve created.</p><p><br></p><p>Today, it is time to present the Horaverse!</p><p><br></p><p><img src=\"https://miro.medium.com/max/700/1*CjuybTTsy7MpI7VrkUQADw.png\"></p><p class=\"ql-align-center\"><br></p><p><br></p><p>The Horaverse is a unique GameFi player-owned economy ecosystem created with the purpose of <strong>making profit a fun</strong> and joyful experience! It is a system driven by our games, digital assets, cryptocurrencies, and other projects.</p><p><br></p><p>With Horaverse, we want to deliver a <strong>top-quality blockchain gaming experience with a player-oriented economy.</strong> We design our games in the manner of top-grossing and highly entertaining titles that we, as developers and everyday mobile game players, like to play.</p><p><br></p><p>We’ve created a unique ecosystem in which projects, NFTs, and tokens are intertwined in a manner to support each other and act as complementary factors that are <strong>backed by our Ethereum fund</strong>. This system, which we are proud of, is going to provide long-term sustainability to our projects and developers who decide to join us.</p><p><br></p><p>Within the Horaverse, players and investors will enjoy a network of high-quality projects that will create a unique gaming experience and an opportunity to be rewarded for playing time and for intelligent and early investments.</p><p><br></p><p>The Horaverse is structured in layers, in which the central place is reserved for the <strong>Hora Hub</strong>, a platform where all blockchain interactions are happening. On it, we will have a token bridge that will enable a smooth transition from <strong>Tron Network</strong> to <strong>BNB Chain</strong>, and other networks in near future.</p><p><br></p><p>In the following weeks, we will <strong>publish our Whitepaper</strong> which will be the embodiment of our work in the previous year. In it, you’ll be able to find everything you need about our <strong>unique tokenomics</strong>, Hora Hub, new play-and-earn mechanics in Crypto Idle Miner, <strong>utilization of digital assets (NFTs)</strong>, and <strong>undisclosed projects.</strong></p><p><br></p><p>And last but not least, there is something that we want to add.</p><p>We believe in a genuine connection between developers, games, and the community. Excellent and successful projects will always have strong support from their users, especially when the team behind the project is devoted, capable, and listens to its community. We want to thank you all for your patience, feedback, and support and for sticking around with us!</p><p>We want to <strong>invite you to join Horaverse</strong> on <a href=\"https://twitter.com/horaverse\" rel=\"noopener noreferrer\" target=\"_blank\"><strong>Twitter</strong></a> and <a href=\"https://t.me/horaverse\" rel=\"noopener noreferrer\" target=\"_blank\"><strong>Telegram</strong></a> because we truly believe that you will love what we have prepared for you!</p><p><br></p><blockquote>You’ll notice that we’ve revamped our Medium profile into Horaverse. All of our future projects (games, platforms, digital assets, and others) and Medium posts will be relevant to our gaming universe therefore this name change is just a small step into big reforms that will happen shortly.</blockquote><p><br></p><p>Thank you for everything,</p>','2022-12-07 14:51:07.719224','2022-12-07 14:51:07.719224','2022-12-07 07:51:07.719224',38,0),(24,'PaybSwap, a game changer to the DeFi ecosystem','payb-swap-a-game-changer-to-the-de-fi-ecosystem','https://res.cloudinary.com/phontran/image/upload/v1670400128/puwh8faguwiakghx6t2m.jpg',1,'<p><br></p><h3>PaybSwap, a game changer to the DeFi ecosystem.</h3><p><br></p><p><img src=\"https://miro.medium.com/max/700/1*xtnsMHzmxfNoS_JlLT-3RQ.jpeg\"></p><p><br></p><p>The DeFi space is evolving very rapidly, and the lack of cross-chain interoperability platforms has been one of its biggest hurdles to grow.</p><p>There have been diverse challenges within the Defi space and PaybSwap is committed to solving a few of them.</p><p><br></p><p><strong>What Problems are we solving?</strong></p><p><br></p><p><strong>1.The complexity of DeFi</strong>: The existing infrastructure is huge and scattered about. The complexity of the whole ecosystem poses a barrier to entry for a regular investor. PaybSwap is here to make life easy for everyday users, with its simple design non tech individuals are able to easily navigate the platform.</p><p><br></p><p><strong>2.Higher Gas fees: </strong>The average Ethereum transaction fee has skyrocketed unimaginably. This makes using Ethereum network totally unviable for smaller transactions which eliminates a lot of DeFi activity for the average trader or investor. With Paybswap you have the opportunity to choose lower gas fees by connecting to defi projects on Binance smart chain and polkadot ecosystem.</p><p><br></p><p><strong>3.Rapid Change in the ecosystem</strong>: Things are changing so fast on a daily and weekly basis and it’s very challenging catching up with different chains and their improvements. The cross-chain nature of PaybSwap makes it possible to follow up on these improvements and changings across all 3 chains on a central platform which is PaybSwap.</p><p><br></p><p>Paybswap is a cross-chain automated market maker on Binance chain, it’s a decentralized application running across the Binance Smart Chain, Polkadot and Ethereum blockchains. The basic trading functionality of PaybSwap comes directly from the pankcakeswap codebase. Liquidity providers are incentivized for providing liquidity to trading pairs with rewards drawn from the fees paid by users swapping between the paired assets.</p><p><br></p><p>Paybswap also features liquidity farming inspired by related projects such as Sushiswap. PaybSwap takes full advantage of its cross-chain features in order to power trading between assets from multiple blockchains using the Bridge modules. By building a cross-chain bridge, Paybswap is able to connect Ethereum Chain and Polkadot ecosystem.</p><p><br></p><p>Bridge: The type of cross-chain transactions presently supported on PaybSwap Bridge is Burn and Mint transactions where the users can “burn” pegged assets from one host chain and “mint” the equivalent amount of pegged assets on another host chain.</p><p><br></p><p>PAYB token is the governance token of PaybSwap on Binance Chain with the total supply of 1 Billion PAYB and circulating supply of 400 Million PAYB.</p><p><br></p><p>Join Us on Telegram: <a href=\"https://t.me/paybswap\" rel=\"noopener noreferrer\" target=\"_blank\">https://t.me/paybswap</a></p>','2022-12-07 15:02:14.513255','2022-12-07 15:02:14.513255','2022-12-07 08:02:14.513255',38,0),(25,'HUNK DEFI PROTOCOL','hunk-defi-protocol','https://res.cloudinary.com/phontran/image/upload/v1670400233/ktifgce2obvxbs9zku06.jpg',1,'<h3>HUNK DEFI PROTOCOL</h3><p><br></p><p><img src=\"https://miro.medium.com/max/700/1*_zvt-yMjfgpnf7hm6AkNqg.jpeg\"></p><p><br></p><p><strong>01. Blockchain agnostic</strong></p><p><br></p><p>We believe niche ecosystems like Hunk Defi are just the start to an era where many such ecosystems shall be replicated over numerous blockchain networks and Hunk Defi networks. Likewise, we may witness mushrooming of more financial and non-financial niche ecosystems for retail and enterprise users. Therefore, it is needed to adopt a flexible approach and create a system that enables interaction &amp; exchange of digital assets between such networks easier. Hunk Defi universal protocol is designed as blockchain agnostic and Hunk Defi agnostic that can interact between various networks using appropriate mechanisms.</p><p><br></p><p><strong>02. Binance Smart Chain Compatibility</strong></p><p><br></p><p>Binance Smart Chain through smart contracts capability has facilitated thousands of businesses and enabled millions of users to interact and exchange. The strength of the network lies in the ecosystem it has created over a period of time. There are thousands of developers who are working tirelessly to create amazing products. It is, therefore, not possible to create anything in silos. Hunk Defi protocol is designed to be BEP20 compatible, blockchain agnostic, a multi-network universal protocol to enable exchange and interaction of digital assets.</p><p><br></p><p><strong>03. Interoperability</strong></p><p><br></p><p>Projects like Polkadot, Fusion, Cosmos specialized in interoperability and link siloed blockchains. These projects enable the transfer of value and data over numerous networks. Interoperability is pertinent to scale markets and bring more users. Different blockchain networks cannot operate in silos and need to interact with each other. Hunk Defi is designed in a way to interact with other protocols which enables interoperability.</p><p><br></p><p><strong>04. Smart Savings involved consensus &amp; governance</strong></p><p><br></p><p>Governance delegation mechanisms empower network users and participants with more engagement and value derivation. The protocol is designed to enable smart savings at multiple levels and facilitate governance through moderated voting mechanisms. We intend to design to keep protocol interactive, participative, and one that offers convenience to developers &amp; end-users.</p><p><br></p><p><strong>05. Network security</strong></p><p><br></p><p>The set of rules and configurations designed to protect the integrity, confidentiality &amp; accessibility of the network covers a multitude of technologies, devices, and processes. It is pertinent to adopt the best possible measures to keep security utmost. Therefore, the protocol is designed as per the highest standards and thus offers a desired amount of security to enable secure transfer of value and data over numerous networks.</p><p><br></p>','2022-12-07 15:03:56.202781','2022-12-07 15:03:56.202781','2022-12-07 08:03:56.202781',38,0),(26,'','','',0,'','2023-04-03 15:07:16.359066','2023-04-03 15:07:16.359066','2023-04-03 08:07:16.359066',44,0);
/*!40000 ALTER TABLE `post` ENABLE KEYS */;
UNLOCK TABLES;

--
-- Table structure for table `post_like`
--

DROP TABLE IF EXISTS `post_like`;
/*!40101 SET @saved_cs_client     = @@character_set_client */;
/*!50503 SET character_set_client = utf8mb4 */;
CREATE TABLE `post_like` (
  `id` int NOT NULL AUTO_INCREMENT,
  `postId` int NOT NULL,
  `userId` int NOT NULL,
  PRIMARY KEY (`id`),
  UNIQUE KEY `IDX_754a5e1d4e513c739e9c39a8d7` (`postId`,`userId`),
  KEY `FK_909fc474ef645901d01f0cc0662` (`userId`),
  CONSTRAINT `FK_789b3f929eb3d8760419f87c8a9` FOREIGN KEY (`postId`) REFERENCES `post` (`id`),
  CONSTRAINT `FK_909fc474ef645901d01f0cc0662` FOREIGN KEY (`userId`) REFERENCES `users` (`id`)
) ENGINE=InnoDB AUTO_INCREMENT=4 DEFAULT CHARSET=utf8mb4 COLLATE=utf8mb4_0900_ai_ci;
/*!40101 SET character_set_client = @saved_cs_client */;

--
-- Dumping data for table `post_like`
--

LOCK TABLES `post_like` WRITE;
/*!40000 ALTER TABLE `post_like` DISABLE KEYS */;
INSERT INTO `post_like` VALUES (1,1,1),(2,1,2);
/*!40000 ALTER TABLE `post_like` ENABLE KEYS */;
UNLOCK TABLES;

--
-- Table structure for table `post_to_user`
--

DROP TABLE IF EXISTS `post_to_user`;
/*!40101 SET @saved_cs_client     = @@character_set_client */;
/*!50503 SET character_set_client = utf8mb4 */;
CREATE TABLE `post_to_user` (
  `id` int NOT NULL AUTO_INCREMENT,
  `content` varchar(255) NOT NULL,
  `postId` int NOT NULL,
  `userId` int NOT NULL,
  `published_at` datetime(6) NOT NULL DEFAULT CURRENT_TIMESTAMP(6),
  `created_at` datetime(6) NOT NULL DEFAULT CURRENT_TIMESTAMP(6),
  `updated_at` timestamp(6) NOT NULL DEFAULT CURRENT_TIMESTAMP(6) ON UPDATE CURRENT_TIMESTAMP(6),
  `parentId` int DEFAULT NULL,
  PRIMARY KEY (`id`),
  KEY `FK_f561788a59b927e9a3f3f8db5d7` (`userId`),
  KEY `FK_75b31f61ecc223a92d44bec2f2f` (`postId`),
  KEY `FK_0abd5f15063eeef80449645746c` (`parentId`),
  CONSTRAINT `FK_0abd5f15063eeef80449645746c` FOREIGN KEY (`parentId`) REFERENCES `post_to_user` (`id`),
  CONSTRAINT `FK_75b31f61ecc223a92d44bec2f2f` FOREIGN KEY (`postId`) REFERENCES `post` (`id`),
  CONSTRAINT `FK_f561788a59b927e9a3f3f8db5d7` FOREIGN KEY (`userId`) REFERENCES `users` (`id`)
) ENGINE=InnoDB AUTO_INCREMENT=22 DEFAULT CHARSET=utf8mb4 COLLATE=utf8mb4_0900_ai_ci;
/*!40101 SET character_set_client = @saved_cs_client */;

--
-- Dumping data for table `post_to_user`
--

LOCK TABLES `post_to_user` WRITE;
/*!40000 ALTER TABLE `post_to_user` DISABLE KEYS */;
INSERT INTO `post_to_user` VALUES (1,'OK',1,1,'2022-12-03 17:05:11.041235','2022-12-03 17:05:11.041235','2022-12-03 10:05:11.041235',NULL),(2,'Demo',1,1,'2022-12-03 17:05:21.547059','2022-12-03 17:05:21.547059','2022-12-03 10:05:21.547059',1),(3,'Test',1,1,'2022-12-03 17:28:48.309827','2022-12-03 17:28:48.309827','2022-12-03 10:28:48.309827',NULL),(4,'Test 1',1,1,'2022-12-03 17:29:58.383459','2022-12-03 17:29:58.383459','2022-12-03 10:29:58.383459',1),(5,'Bài viết rất hay',1,38,'2022-12-07 14:55:52.014755','2022-12-07 14:55:52.014755','2022-12-07 07:55:52.014755',NULL),(6,'Post từ post man',1,38,'2022-12-07 16:38:43.905836','2022-12-07 16:38:43.905836','2022-12-07 09:38:43.905836',NULL),(9,'Reply Post từ post man ',1,38,'2022-12-07 16:41:43.151158','2022-12-07 16:41:43.151158','2022-12-07 09:41:43.151158',6),(17,'ok',25,38,'2022-12-07 17:14:49.878873','2022-12-07 17:14:49.878873','2022-12-07 10:14:49.878873',NULL),(18,'Hay quá',24,1,'2023-03-27 18:31:47.204048','2023-03-27 18:31:47.204048','2023-03-27 11:31:47.204048',NULL),(19,'?',25,1,'2023-04-02 13:37:03.536507','2023-04-02 13:37:03.536507','2023-04-02 06:37:03.536507',NULL),(20,'OK',18,1,'2023-04-02 14:25:13.652102','2023-04-02 14:25:13.652102','2023-04-02 07:25:13.652102',NULL),(21,'OK',20,1,'2023-04-02 14:26:38.049127','2023-04-02 14:26:38.049127','2023-04-02 07:26:38.049127',NULL);
/*!40000 ALTER TABLE `post_to_user` ENABLE KEYS */;
UNLOCK TABLES;

--
-- Table structure for table `posts_tags`
--

DROP TABLE IF EXISTS `posts_tags`;
/*!40101 SET @saved_cs_client     = @@character_set_client */;
/*!50503 SET character_set_client = utf8mb4 */;
CREATE TABLE `posts_tags` (
  `postId` int NOT NULL,
  `tagId` int NOT NULL,
  PRIMARY KEY (`postId`,`tagId`),
  KEY `IDX_8001e7fb6ff37581be869693c0` (`postId`),
  KEY `IDX_46d37fa943bb7d233d5987877e` (`tagId`),
  CONSTRAINT `FK_46d37fa943bb7d233d5987877ec` FOREIGN KEY (`tagId`) REFERENCES `tag` (`id`),
  CONSTRAINT `FK_8001e7fb6ff37581be869693c0c` FOREIGN KEY (`postId`) REFERENCES `post` (`id`) ON DELETE CASCADE ON UPDATE CASCADE
) ENGINE=InnoDB DEFAULT CHARSET=utf8mb4 COLLATE=utf8mb4_0900_ai_ci;
/*!40101 SET character_set_client = @saved_cs_client */;

--
-- Dumping data for table `posts_tags`
--

LOCK TABLES `posts_tags` WRITE;
/*!40000 ALTER TABLE `posts_tags` DISABLE KEYS */;
INSERT INTO `posts_tags` VALUES (1,4),(14,5),(14,6),(15,7),(16,7),(18,4),(19,4),(20,4),(21,4),(22,4),(24,9),(25,9);
/*!40000 ALTER TABLE `posts_tags` ENABLE KEYS */;
UNLOCK TABLES;

--
-- Table structure for table `publishers`
--

DROP TABLE IF EXISTS `publishers`;
/*!40101 SET @saved_cs_client     = @@character_set_client */;
/*!50503 SET character_set_client = utf8mb4 */;
CREATE TABLE `publishers` (
  `id` int NOT NULL AUTO_INCREMENT,
  `name` varchar(255) NOT NULL,
  `address` varchar(255) DEFAULT NULL,
  `email` varchar(255) DEFAULT NULL,
  `phone_number` varchar(255) DEFAULT NULL,
  `published` tinyint DEFAULT '0',
  `logo_url` varchar(255) DEFAULT NULL,
  PRIMARY KEY (`id`)
) ENGINE=InnoDB AUTO_INCREMENT=2 DEFAULT CHARSET=utf8mb4 COLLATE=utf8mb4_0900_ai_ci;
/*!40101 SET character_set_client = @saved_cs_client */;

--
-- Dumping data for table `publishers`
--

LOCK TABLES `publishers` WRITE;
/*!40000 ALTER TABLE `publishers` DISABLE KEYS */;
INSERT INTO `publishers` VALUES (1,'NXB Thanh Niên',NULL,NULL,NULL,0,NULL);
/*!40000 ALTER TABLE `publishers` ENABLE KEYS */;
UNLOCK TABLES;

--
-- Table structure for table `subscriptions`
--

DROP TABLE IF EXISTS `subscriptions`;
/*!40101 SET @saved_cs_client     = @@character_set_client */;
/*!50503 SET character_set_client = utf8mb4 */;
CREATE TABLE `subscriptions` (
  `id` int NOT NULL AUTO_INCREMENT,
  `stripeSubscriptionId` varchar(255) NOT NULL,
  `start` timestamp(6) NOT NULL DEFAULT CURRENT_TIMESTAMP(6),
  `end` timestamp(6) NOT NULL DEFAULT CURRENT_TIMESTAMP(6) ON UPDATE CURRENT_TIMESTAMP(6),
  `created_at` timestamp(6) NOT NULL DEFAULT CURRENT_TIMESTAMP(6),
  `updated_at` timestamp(6) NOT NULL DEFAULT CURRENT_TIMESTAMP(6) ON UPDATE CURRENT_TIMESTAMP(6),
  `userId` int DEFAULT NULL,
  `planId` int DEFAULT NULL,
  PRIMARY KEY (`id`),
  KEY `FK_fbdba4e2ac694cf8c9cecf4dc84` (`userId`),
  KEY `FK_7536cba909dd7584a4640cad7d5` (`planId`),
  CONSTRAINT `FK_7536cba909dd7584a4640cad7d5` FOREIGN KEY (`planId`) REFERENCES `plans` (`id`),
  CONSTRAINT `FK_fbdba4e2ac694cf8c9cecf4dc84` FOREIGN KEY (`userId`) REFERENCES `users` (`id`)
) ENGINE=InnoDB AUTO_INCREMENT=14 DEFAULT CHARSET=utf8mb4 COLLATE=utf8mb4_0900_ai_ci;
/*!40101 SET character_set_client = @saved_cs_client */;

--
-- Dumping data for table `subscriptions`
--

LOCK TABLES `subscriptions` WRITE;
/*!40000 ALTER TABLE `subscriptions` DISABLE KEYS */;
INSERT INTO `subscriptions` VALUES (1,'sub_1MBz95AOwQFyvQrLr85pH2Gz','2022-12-06 11:17:07.000000','2023-01-06 11:17:07.000000','2022-12-06 11:17:09.246926','2022-12-06 11:17:09.246926',3,1),(2,'sub_1MBzCOAOwQFyvQrLN2eaQpJ7','2022-12-06 11:20:32.000000','2023-01-06 11:20:32.000000','2022-12-06 11:20:34.146148','2022-12-06 11:20:34.146148',19,1),(3,'sub_1MBzOmAOwQFyvQrLZOFDpUU6','2022-12-06 11:33:20.000000','2023-01-06 11:33:20.000000','2022-12-06 11:33:22.400561','2022-12-06 11:33:22.400561',8,1),(4,'sub_1MBzSTAOwQFyvQrLcnjVEwVW','2022-12-06 11:37:09.000000','2023-01-06 11:37:09.000000','2022-12-06 11:37:10.958511','2022-12-06 11:37:10.958511',1,1),(5,'sub_1MC3YFAOwQFyvQrLg1qhDPdQ','2022-12-06 15:59:23.000000','2023-01-06 15:59:23.000000','2022-12-06 15:59:24.641865','2022-12-06 15:59:24.641865',14,1),(6,'sub_1MCF54AOwQFyvQrLGHZfKtSF','2022-12-07 04:18:02.000000','2023-01-07 04:18:02.000000','2022-12-07 04:18:04.171097','2022-12-07 04:18:04.171097',16,1),(7,'sub_1MCFUNAOwQFyvQrLgs3fxGFe','2022-12-07 04:44:11.000000','2023-01-07 04:44:11.000000','2022-12-07 04:44:13.193079','2022-12-07 04:44:13.193079',15,1),(8,'sub_1MCFYvAOwQFyvQrLgZ4MDf6x','2022-12-07 04:48:53.000000','2023-01-07 04:48:53.000000','2022-12-07 04:48:55.302536','2022-12-07 04:48:55.302536',34,1),(9,'sub_1MCFcKAOwQFyvQrLDwbhQ6XJ','2022-12-07 04:52:24.000000','2023-01-07 04:52:24.000000','2022-12-07 04:52:26.885521','2022-12-07 04:52:26.885521',35,1),(10,'sub_1MCG5MAOwQFyvQrLriVaDgq4','2022-12-07 05:22:24.000000','2023-01-07 05:22:24.000000','2022-12-07 05:22:25.934766','2022-12-07 05:22:25.934766',37,1),(11,'sub_1MCHn5AOwQFyvQrLEs8u9c7X','2022-12-07 07:11:39.000000','2023-01-07 07:11:39.000000','2022-12-07 07:11:41.399468','2022-12-07 07:11:41.399468',38,1),(12,'sub_1MDjObAOwQFyvQrLQwZe8P3B','2022-12-11 06:52:21.000000','2023-01-11 06:52:21.000000','2022-12-11 06:52:23.066578','2022-12-11 06:52:23.066578',41,1),(13,'sub_1MqETuAOwQFyvQrLOEQwaAT8','2023-03-27 11:44:58.000000','2023-04-27 11:44:58.000000','2023-03-27 11:44:59.133625','2023-03-27 11:44:59.133625',42,1);
/*!40000 ALTER TABLE `subscriptions` ENABLE KEYS */;
UNLOCK TABLES;

--
-- Table structure for table `tag`
--

DROP TABLE IF EXISTS `tag`;
/*!40101 SET @saved_cs_client     = @@character_set_client */;
/*!50503 SET character_set_client = utf8mb4 */;
CREATE TABLE `tag` (
  `id` int NOT NULL AUTO_INCREMENT,
  `title` varchar(255) NOT NULL,
  `slug` varchar(255) NOT NULL,
  `content` varchar(255) DEFAULT NULL,
  `created_at` datetime(6) NOT NULL DEFAULT CURRENT_TIMESTAMP(6),
  `updated_at` timestamp(6) NOT NULL DEFAULT CURRENT_TIMESTAMP(6) ON UPDATE CURRENT_TIMESTAMP(6),
  PRIMARY KEY (`id`)
) ENGINE=InnoDB AUTO_INCREMENT=11 DEFAULT CHARSET=utf8mb4 COLLATE=utf8mb4_0900_ai_ci;
/*!40101 SET character_set_client = @saved_cs_client */;

--
-- Dumping data for table `tag`
--

LOCK TABLES `tag` WRITE;
/*!40000 ALTER TABLE `tag` DISABLE KEYS */;
INSERT INTO `tag` VALUES (1,'React','react',NULL,'2022-12-03 00:09:15.323475','2022-12-02 17:09:15.323475'),(2,'Angular','angular',NULL,'2022-12-03 00:09:15.329464','2022-12-02 17:09:15.329464'),(3,'Solidity','solidity',NULL,'2022-12-03 00:09:15.329965','2022-12-02 17:09:15.329965'),(4,'Web3','web3',NULL,'2022-12-03 00:17:39.264455','2022-12-02 17:17:39.264455'),(5,'Crypto','crypto',NULL,'2022-12-06 18:45:54.471470','2022-12-06 11:45:54.471470'),(6,'Bitcoin','bitcoin',NULL,'2022-12-06 18:45:54.472299','2022-12-06 11:45:54.472299'),(7,'Ethereum','ethereum',NULL,'2022-12-07 12:38:07.287712','2022-12-07 05:38:07.287712'),(8,'NFT','nft',NULL,'2022-12-07 14:48:15.034142','2022-12-07 07:48:15.034142'),(9,'DeFi','defi',NULL,'2022-12-07 14:59:37.223827','2022-12-07 07:59:37.223827'),(10,'Technology','technology',NULL,'2022-12-09 10:25:25.629767','2022-12-09 03:25:25.629767');
/*!40000 ALTER TABLE `tag` ENABLE KEYS */;
UNLOCK TABLES;

--
-- Table structure for table `users`
--

DROP TABLE IF EXISTS `users`;
/*!40101 SET @saved_cs_client     = @@character_set_client */;
/*!50503 SET character_set_client = utf8mb4 */;
CREATE TABLE `users` (
  `id` int NOT NULL AUTO_INCREMENT,
  `email` varchar(255) NOT NULL,
  `name` varchar(255) DEFAULT NULL,
  `password` varchar(255) NOT NULL,
  `created_at` datetime(6) NOT NULL DEFAULT CURRENT_TIMESTAMP(6),
  `updated_at` timestamp(6) NOT NULL DEFAULT CURRENT_TIMESTAMP(6) ON UPDATE CURRENT_TIMESTAMP(6),
  `stripeCustomerId` varchar(255) NOT NULL,
  `isSubscrite` tinyint NOT NULL DEFAULT '0',
  `avatarId` int DEFAULT NULL,
  `phoneNumber` varchar(255) DEFAULT NULL,
  `address` varchar(255) DEFAULT NULL,
  `isBanned` tinyint DEFAULT '0',
  PRIMARY KEY (`id`)
) ENGINE=InnoDB AUTO_INCREMENT=45 DEFAULT CHARSET=utf8mb4 COLLATE=utf8mb4_0900_ai_ci;
/*!40101 SET character_set_client = @saved_cs_client */;

--
-- Dumping data for table `users`
--

LOCK TABLES `users` WRITE;
/*!40000 ALTER TABLE `users` DISABLE KEYS */;
INSERT INTO `users` VALUES (1,'admin@gmail.com','admin','$2b$10$ZUp1cfw4liHtv6kC3ZLemOdPZpQcG4Tj4Dqy7mEVrS/jVXrbn2ui6','2022-12-03 00:12:16.911245','2022-12-07 08:59:16.000000','cus_MuRf3xlCSPpL5i',1,13,'0364183544','Hồ Chí Minh',1),(2,'demo@gmail.com','demo','$2b$10$9RYaVNJBXnGzXI4txAadCeHnXXHgJzlXDxsIF/4jl5hlJNZDqWRGq','2022-12-03 12:48:54.538474','2022-12-04 06:11:40.790846','cus_MudsMD1c27fvYP',0,9,NULL,NULL,0),(3,'phontran@gmail.com','phontran phontran','$2b$10$BPjaqjjYrJ.CTuwbJ1q73.O648xnZa6.1TtV0e9bdB21mqzSUTMf6','2022-12-04 16:12:58.142483','2022-12-06 11:17:09.000000','cus_Mv4OJ5KMRpIRF8',1,10,'','',0),(4,'phontran1@gmail.com','phontran1','$2b$10$w0aQZbE.wytgSKA3E5fwNOgzSHpj9Dkt7sC1Y5Mamwbpk.Y.pDhQ2','2022-12-04 16:54:14.713292','2022-12-04 09:54:14.713292','cus_Mv53vKLgIBSBxQ',0,NULL,NULL,NULL,0),(5,'phontran2@gmail.com','phontran2','$2b$10$ZUJ4SP7boBn0EtBhmnryWuMtk7epCrNxTvRXlbUi8ohc6kI.Me09m','2022-12-04 16:55:13.626283','2022-12-04 09:55:13.626283','cus_Mv54wvzGbLUWVI',0,NULL,'0364183543',NULL,0),(6,'phontran3@gmail.com','phontran3','$2b$10$68dkxW.Cz4AXrL1b/HPcoOEafCJ30v4yBU03U25.DGYjVRqsCyeJi','2022-12-04 16:55:20.006676','2022-12-04 09:55:20.006676','cus_Mv55aGy8RpcPXc',0,NULL,'0364183543',NULL,0),(7,'phontran4@gmail.com','phontran4','$2b$10$eg1aucp8WVpApiMxNUrTbu0vnPnie6v2A9lvgGdNQb0QFZe2Q4B06','2022-12-04 16:55:23.921447','2022-12-04 09:55:23.921447','cus_Mv55PGyw6rvcLx',0,NULL,'0364183543',NULL,0),(8,'phontran5@gmail.com','phontran5','$2b$10$Q/DnT9LASLWUCOj3DKv6oepum.4Z/dFylWqOy76HpVW73JBpW8X2.','2022-12-04 16:55:29.152453','2022-12-06 11:33:22.000000','cus_Mv553rvKOc13dV',1,NULL,'0364183543',NULL,0),(9,'phontran6@gmail.com','phontran6','$2b$10$yRMnQyDITdwJf5rtbtKT9uZpkhciM4p44VUsTV8R8OxMgKeB5mvPe','2022-12-04 16:55:32.853003','2022-12-04 09:55:32.853003','cus_Mv55t9yIiQLQ6T',0,NULL,'0364183543',NULL,0),(10,'phontran7@gmail.com','phontran7','$2b$10$leZyDJzKpugdaMhr/x4ko.z4YwaNMw2MRmarcxcVUWvR0ydVbp.Sa','2022-12-04 16:55:58.864199','2022-12-04 09:55:58.864199','cus_Mv55oPlVdQq0l0',0,NULL,'0364183543',NULL,0),(11,'phontran8@gmail.com','phontran8','$2b$10$OD7gpl2QrOYmi2SIq4X1huiXJNEUqYnjLf8.I3G8fGKoewM9rqtFK','2022-12-04 16:56:02.700948','2022-12-04 09:56:02.700948','cus_Mv55jnionfQh1o',0,NULL,'0364183543',NULL,0),(12,'phontran9@gmail.com','phontran9','$2b$10$O5HZnbcTWakkYtOBqR2PxOgk5WjjFD/eAUGI3VOONlJCEXjl4RW4K','2022-12-04 16:56:06.087817','2022-12-04 09:56:06.087817','cus_Mv55n24IiBfvnw',0,NULL,'0364183543',NULL,0),(13,'phontran10@gmail.com','phontran10','$2b$10$FfP8NZzpZU1NuHnPc53f..YLqSJAT45pbxEgULaICoCtRfgSn4V2S','2022-12-04 16:56:11.237731','2022-12-04 09:56:11.237731','cus_Mv55r2pXZukKUl',0,NULL,'0364183543',NULL,0),(14,'phontran11@gmail.com','phontran11','$2b$10$bVPztade4ScdonB/9SpsUurS4fl00VqlSsGlmo0hfSAe.WGIBvjSK','2022-12-04 16:56:15.441756','2022-12-06 15:59:24.000000','cus_Mv55eU6hGKA2TC',1,NULL,'0364183543',NULL,0),(15,'phontran12@gmail.com','phontran12','$2b$10$.dQSVVHgLXoMBRM5raULRenkvMtvDDe1s8fXbCpCqTPOuIeGJluCO','2022-12-04 16:56:18.631716','2022-12-07 04:44:13.000000','cus_Mv55Pw2vfslTUZ',1,NULL,'0364183543',NULL,0),(16,'phontran13@gmail.com','phontran13','$2b$10$j6MysGLaKzddsh0K/W037uaXuDNTml5JgXsCV6lzNPqHnotnXSxLK','2022-12-04 16:56:22.494918','2022-12-07 04:18:04.000000','cus_Mv56vNkba0Oz2x',1,NULL,'0364183543',NULL,0),(17,'phontran14@gmail.com','phontran14','$2b$10$2oAMU0HySqDBgl1z1kVHYO4/5SRGYwWVG..DLeEDDOIKrb7WyvdC2','2022-12-04 16:56:26.984395','2022-12-04 09:56:26.984395','cus_Mv56kyuv1lQUD4',0,NULL,'0364183543',NULL,0),(18,'final@gmail.com','Final','final@gmail.com','2022-12-04 18:53:13.609878','2022-12-04 11:53:13.609878','cus_Mv6y7N4YUdK2ZK',0,14,'036418352',NULL,0),(19,'demo@minimals.cc','phontran14','$2b$10$Qxqo1OE/8G1eM6aESxhwQeN0Ff3.YS4gL4uIxqfYUnmvUihXlIefq','2022-12-05 23:18:46.427916','2022-12-06 11:20:34.000000','cus_MvYUzlxZ3jUdws',1,NULL,'0364183543',NULL,0),(20,'admin1@gmail.com','phontran14','$2b$10$4bE/DTK90o2HCpiC5tPx8u4Nknro0bYNkrMcXIkCZOdaV6fOqXVEm','2022-12-06 07:51:44.654990','2022-12-06 00:51:44.654990','cus_MvglWh07Q7tFED',0,NULL,'0364183543',NULL,0),(21,'finalapp@gmail.com','final app','$2b$10$wDRZHE2PEW0eI3lIH/jKpuOqfLJdpazdmSPp1RyuG1xLUL2oFXDs2','2022-12-06 07:54:47.470620','2022-12-06 00:54:47.470620','cus_MvgoaqNkNWre6G',0,NULL,NULL,NULL,0),(22,'finalapp1@gmail.com','final app','$2b$10$Q.KnuuNbfckN9KG8FEt3XOgtDQ1pYMGvKDNwzDKPRe3yKL2joGWgO','2022-12-06 07:56:43.723361','2022-12-06 00:56:43.723361','cus_MvgqiQ0WtU59gl',0,NULL,NULL,NULL,0),(23,'finalapp2@gmail.com','final app','$2b$10$sfXrywV66Tjy5xe4VvpINutSlZaE9QTyDHhHx0AckrvQDj/J0ZNIu','2022-12-06 07:58:58.248169','2022-12-06 00:58:58.248169','cus_MvgslNMl8Bpz4w',0,NULL,NULL,NULL,0),(24,'finalapp3@gmail.com','final app','$2b$10$Sh.RVdds29m9zUEVTvKBpuiP6Wdu4RXBUYAMJjJ82YeAv.M0lnTVO','2022-12-06 08:00:06.453224','2022-12-06 01:00:06.453224','cus_Mvgtg9t0JtHNUf',0,NULL,NULL,NULL,0),(25,'finalapp4@gmail.com','final app','$2b$10$gvwaTv0zvY/3/W9xxnAdauAU1Px4aNvPCBbnl9CBacCoPjQL2wM8i','2022-12-06 08:01:05.365369','2022-12-06 01:01:05.365369','cus_MvguteSQp6Oc8R',0,NULL,NULL,NULL,0),(26,'finalapp5@gmail.com','final app','$2b$10$APHtV/rqF27USJF.06oCc.FiRBmvLDCYR16M6Cq6GeTfWGsNIAVYO','2022-12-06 08:02:19.295248','2022-12-06 01:02:19.295248','cus_MvgvzdPOfeEzIU',0,NULL,NULL,NULL,0),(27,'finalapp6@gmail.com','final app','$2b$10$isBPOTxpPzzA2NPEKfCNFeSxKWnr231wmGOXZ08.ip89bEHfEhlFG','2022-12-06 08:03:34.399696','2022-12-06 01:03:34.399696','cus_MvgxxfljypWS9B',0,NULL,NULL,NULL,0),(28,'finalapp7@gmail.com','final app','$2b$10$v6MUOF1gH8pgJ2MV3CHTFOlXk8UTtNx7kzzrRQoYEO9bfDo6fSIx6','2022-12-06 08:06:07.452662','2022-12-06 01:06:07.452662','cus_MvgzWIQqEHn6bc',0,NULL,NULL,NULL,0),(29,'finalapp8@gmail.com','final app','$2b$10$Au.RoXQrcfwa0aebm.TnqeTw.KEBoU5ULCyBWntn00Nesi60vI4bu','2022-12-06 08:13:43.450949','2022-12-06 01:13:43.450949','cus_Mvh762RbYERauZ',0,NULL,NULL,NULL,0),(30,'finalapp9@gmail.com','final app','$2b$10$TlSlPZzc0lEXtgHWOuZ/xOPCsCKcjYrARSvIGnQjRFsgVQH/N0ism','2022-12-06 08:14:49.652191','2022-12-06 01:14:49.652191','cus_Mvh8V2QU8mkWzD',0,NULL,NULL,NULL,0),(31,'admin2@gmail.com','phontran14','$2b$10$R1GV3YY6rOj1idtXmPMnVu7CSUsNQXm9ZxB4eKo5zRgH/DJAubVfe','2022-12-06 08:19:59.872431','2022-12-06 01:19:59.872431','cus_MvhDH1bAEal852',0,NULL,'0364183543',NULL,0),(32,'finalapp10@gmail.com','final app','$2b$10$J8VbO9Uk.nk6f07s2sFt5Ok8fz8h/SCwvk4V1mpTvYlV3KCrVIexW','2022-12-06 08:20:37.162130','2022-12-06 01:20:37.162130','cus_MvhEci7vxEqSKr',0,NULL,NULL,NULL,0),(33,'finalapp11@gmail.com','final app','$2b$10$iUXY1UAWLZb1Cf.ox2IFRO6CxUGBB4TVn6a7NjzKRnrOrCxTVzs6e','2022-12-06 08:25:39.246242','2022-12-06 01:25:39.246242','cus_MvhJFaRJ59fv0F',0,NULL,NULL,NULL,0),(34,'phontran20@gmail.com','phontran20','$2b$10$fhtYWW8.rers.rBPrW9sCuZyVrGJBPgN4VowH8Zghz86MffMa8d3G','2022-12-07 11:47:56.512120','2022-12-07 04:48:55.000000','cus_Mw7nyqaypcnjCT',1,NULL,'0364183543',NULL,0),(35,'phontran21@gmail.com','phontran21','$2b$10$hrRMxmuyMO4EN7CaG.lYPOdRr044PQ9ZPuLwyGh3A.eT8EZSkK1Iu','2022-12-07 11:48:04.273320','2022-12-07 04:52:26.000000','cus_Mw7n0JTM7lh4FG',1,NULL,'0364183543',NULL,0),(36,'phontran22@gmail.com','phontran22','$2b$10$HLiNEzF7o3NpgokHQfysauLygHYm9flakXrUK4ygnWj.kj8ghprD.','2022-12-07 11:48:08.896193','2022-12-07 04:48:08.896193','cus_Mw7nXnNw7WKaLM',0,NULL,'0364183543',NULL,0),(37,'phontran23@gmail.com','phontran23','$2b$10$zkcXXsZFAQMCDCuu7xEPg.JH4sISFUgTOOKNTmlD3NvtT6W0iGH/O','2022-12-07 11:48:13.389409','2022-12-07 06:32:04.000000','cus_Mw7nemH4fimhPH',1,NULL,'0364183543',NULL,0),(38,'phontran24@gmail.com','phontran24','$2b$10$81Ue4tlH0ZBZ6f5WGlc0YO74txViaqA7kIruVkVtV9W2IUU6S4EMe','2022-12-07 11:48:18.338446','2023-04-02 07:26:38.000000','cus_Mw7nxU7qcuyYJ4',1,NULL,'0364183543',NULL,0),(39,'phontran50@gmail.com','phontran50','$2b$10$pNP/dTCnBSIbyWQZrSPmku0F0Tkvhhm1j7yS50nqLpqIk3If5vFda','2022-12-10 14:33:39.689384','2022-12-10 07:33:39.689384','cus_MxI9iBOAXaq3OQ',0,NULL,'0364183543',NULL,0),(40,'phontran100@gmail.com',NULL,'$2b$10$AToLK2OmLCbg49V4LFp6T.4Dpj.fUK32uJ4a1OSi3trfPX/oK11ga','2022-12-10 14:36:09.059900','2022-12-10 07:36:09.059900','cus_MxIBHvtZqbM1kB',0,NULL,NULL,NULL,0),(41,'lingdev@gmail.com','Ling Dev','$2b$10$rBMn0lXeFsZmaFtiDrNd6OzBL7Uu86g63WjD5aa.60ySWYVG0ldQO','2022-12-11 11:05:47.817408','2022-12-11 06:52:23.000000','cus_Mxc1agDRza8xhU',1,NULL,NULL,NULL,0),(42,'lingdev10@gmail.com','Dev Ling10','$2b$10$S288a7gRMk5reaI4Gt11OetnBC4SJPT7TV3o1.mWmCXlkPyHesR2G','2023-03-27 18:33:47.901518','2023-03-27 11:44:59.000000','cus_NbRB2JeCfQq385',1,NULL,NULL,NULL,0),(43,'lingdev11@gmail.com','Ling Dev11','$2b$10$6Y474U79rMBtMts.K.c4HO5FcnCtfP2DXTA2xTux0cWSS8lUb0QyC','2023-03-27 18:46:40.258274','2023-03-27 11:46:40.258274','cus_NbROvfGJVqZPCu',0,NULL,NULL,NULL,0),(44,'demodemo@gmail.com','demo demo','$2b$10$G.bCdjtQJ6szLgwMLEtJ5OswXNNeh8Y0fH.rJW6L3Ec61jiDe9a2K','2023-04-02 14:27:31.813474','2023-04-03 08:07:16.000000','cus_NdcZ79DwZiyMNb',0,NULL,NULL,NULL,0);
/*!40000 ALTER TABLE `users` ENABLE KEYS */;
UNLOCK TABLES;
/*!40103 SET TIME_ZONE=@OLD_TIME_ZONE */;

/*!40101 SET SQL_MODE=@OLD_SQL_MODE */;
/*!40014 SET FOREIGN_KEY_CHECKS=@OLD_FOREIGN_KEY_CHECKS */;
/*!40014 SET UNIQUE_CHECKS=@OLD_UNIQUE_CHECKS */;
/*!40101 SET CHARACTER_SET_CLIENT=@OLD_CHARACTER_SET_CLIENT */;
/*!40101 SET CHARACTER_SET_RESULTS=@OLD_CHARACTER_SET_RESULTS */;
/*!40101 SET COLLATION_CONNECTION=@OLD_COLLATION_CONNECTION */;
/*!40111 SET SQL_NOTES=@OLD_SQL_NOTES */;

-- Dump completed on 2023-04-04 11:42:57
